,10
household_ability_cv,0.19826924950438174
pet_identify_cv___1,-0.1745616445129142
work_ability_cv,0.16491167387571992
child_breaking_rules_cv,0.15957074281122602
pets_cv,-0.15514176145452202
separate_people_cv___1,-0.14814566180798455
child_diag_asthma_cv,-0.14219167179086076
pet_identify_cv___2,-0.13352774087414576
child_care_impact_cv___3,-0.1257679597715716
separate_people_cv___3,-0.12484635347740473
increased_conflict_cv,0.12447870776019714
parent_monitor_q4_y_cv,-0.1188007095024216
assure_child_cv,-0.11773120636050695
fam_expose_cv,-0.11033526089388432
p_life_changed_cv,0.11032963750994636
relationships_w_family_cv,-0.1099728174626671
pet_identify_cv___6,-0.10607395859363059
demo_hand_sanitizer_cv,-0.10585755867211062
fam_exp3_cv,0.10577878719285669
fam_actions_cv___8,0.10048604089119967
past_week_cope_cv___7,-0.09981913744025206
pet_identify_cv___5,-0.09867118729730538
fam_exp4_cv,0.09857530958907781
su_p_mj_smoke_loc_cv___5,-0.09829323168508942
fam_exp7_v2_cv,0.09814075180544761
news_update_cv,0.0941844196374369
talk_social_distance_cv,-0.0927319784918614
fam_actions_cv___7,0.09170915096498539
talk_wash_cv,-0.09134258475803418
demo_mask_coverage_cv,-0.09111939900945006
child_symptoms_cv___3,-0.08934609902171077
child_serious_cv,-0.0888312429931265
fam_wage_loss_cv,0.08844148425201466
child_frustrated_cv,0.08794470700045642
parent_monitor_q1_y_cv,-0.08737185169272416
caregiver_help_cv,0.08729734628409978
fam_actions_cv___10,0.08448043759009227
social_media_cv,0.0843618811890844
fam_actions_cv___2,-0.08434700591863173
past_week_cope_cv___3,-0.08416278663007522
talk_symptoms_cv,-0.08365806806231389
fam_act_cv,-0.08304778927895737
child_past_risk_cv___3,0.0827440198232786
child_tested_cv,-0.08267911787427117
think_will_get_cv,0.08167203001685944
fam_exp6_cv,0.07956073865904524
child_past_risk_cv___1,-0.07905776442550613
demo_wipes_cv,-0.07905274698196262
child_enjoy_cv,0.07904140281943518
get_coronavirus_cv,0.0790359718370919
separate_people_cv___4,-0.07873891297063139
separate_people_cv___2,-0.07868673020473287
reg_meals_cv,-0.07797830335666288
iep_cv,-0.07779382995216934
past_week_cope_cv___1,-0.07777592410737087
pstr_overcome_p_cv,0.0775412341682122
fam_member_relation_p_cv___1,-0.07678406087941356
mctq_fd_num_wake_up_cv,-0.07540510871148652
talk_vuln_cv,-0.0745896467671118
child_symptom_actions_cv___1,0.07458542757083642
prim_cv,-0.07431041290355835
child_separate_cv,-0.07418641580880739
pet_identify_cv___4,-0.07359486547939133
percent_live_cv,0.0727362156137748
fam_exp1_cv,0.07255268611871754
p_cope_cv___7,-0.0724554119773117
school_difficulty,0.07210270356010229
school_engage_cv___5,0.07034513548291788
fam_actions_cv___15,-0.07019665912982909
school_prep_cv,-0.07001121569161288
relationships_w_friends_cv,-0.0691365551895476
su_mj_use_past_month_cv,-0.06890307660466374
fam_member_relation_p_cv___2,-0.06775184819209738
fam_exp2_cv,0.06757699359917661
past_week_cope_cv___5,-0.06724909002815445
parent_monitor_q5_y_cv,-0.06715062867144987
extra_material_cv,0.06593769217115665
child_worried_about_cv,0.06567126299195117
fam_exp5_cv,0.06473583006366775
parent_monitor_q3_y_cv,-0.06461646456737459
past_week_cope_cv___8,-0.06381822807047204
mctq_fd_time_asleep_cv,0.06368007290541489
talk_isolate_cv,-0.0636237468254
school_reopen_date_dk_cv,0.06303322787263137
tool_access_cv,-0.06298579801846313
su_p_cig_loc_cv___1,0.06276462926266595
fam_actions_cv___9,0.06249666558241365
separate_people_cv___5,-0.06236665406424714
felt_unhappy_cv,0.0623326528613479
fam_actions_cv___1,-0.06231685446854677
mental_health_cv,-0.062040438335580934
child_care_cv,0.06138361180358037
screentime_7_wknd_hr_cv,-0.06019051979120724
fam_actions_cv___12,-0.058283704123656875
su_p_mj_vape_loc_cv___5,-0.05797785785738571
past_week_cope_cv___6,-0.0576564671415611
mctq_fd_btime_cv,0.0575345943183532
fam_member_relation_p_cv___3,-0.05732199915220287
su_p_cig_loc_cv___4,0.056688517677291966
ple_close_fam_cv,0.05623253634441587
past_week_cope_cv___4,-0.05615449089320346
p_feeling_cv,-0.0558629066514348
felt_angry_cv,0.05557121196712029
child_care_impact_cv___5,0.0553537398590766
su_p_vape_loc_cv___5,-0.05490304509540259
felt_sad_cv,0.05488036477077201
demo_wash_hands_cv,-0.054551607939413355
separate_people_cv___6,-0.054338767155631885
screentime_9_wknd_hr_cv,-0.05317420112711604
child_cosymptoms_cv___8,-0.05313523666563977
felt_no_fun_cv,0.05300940264764273
su_liquids_cv,0.05300095944631067
avoid_talking_about_cv,0.05260893237125377
felt_lonely_cv,0.051879828576017015
think_someone_close_get_cv,0.051287889085260406
pet_identify_cv___3,-0.05109214512433966
social_media_platform_cv,-0.0501047727117869
p_enjoy_cv,-0.04971427251569868
child_cosymptoms_cv___5,0.04873971477008941
prepared_child_cv,-0.048338170760036
encouraged_cv,-0.04817599872173831
cv_p_select_language___1,-0.04744544451819316
su_p_mj_vape_loc_cv___1,0.047367026550052566
school_cv,-0.04637777123409901
p_cope_cv___2,0.045952201298332815
pstr_unable_control_cv,0.04571459090539031
felt_life_went_wrong_cv,0.0452017840866471
child_video_chat_min_cv,0.04488904325944406
su_p_cig_loc_cv___2,0.04469586607597137
su_p_mj_smoke_loc_cv___1,0.04432079431382058
routine_cv,-0.04391761784914079
custody_cv,-0.0432052058869966
child_care_impact_cv___2,-0.04303995013842528
child_fear_cv,0.04303340104375355
demo_touching_people_cv,0.04291044448926164
child_symptoms_cv___4,-0.042331317222858884
demo_stayed_away_cv,0.04194290169140017
separate_people_cv___8,-0.04191539816484336
talk_cancel_cv,-0.04187002747756038
child_fall_asleep_time_cv,0.041825311678006336
demo_avoid_news,-0.041537307425243204
fam_actions_cv___13,-0.041490725618311394
fam_size_cv,0.041472251189259256
child_symptom_actions_cv___5,-0.04103262305760948
felt_alone_cv,0.04081358173026127
child_symptoms_cv___1,0.04062788984187108
demo_schoolwork_on_comp_cv,0.04051572276178051
child_care_impact_cv___4,-0.040436078517295276
fam_actions_cv___14,0.04040175474755686
su_p_cig_loc_cv___888,-0.039528855567943944
screentime_music_cv,-0.03921414675345467
bedtime_routine_cv,-0.03917006873683561
fam_actions_cv___11,-0.03916840427085244
su_smoked_tob_cig_cv,0.038759376724477386
child_phys_activity_time_cv,-0.0385676600435796
felt_always_sad,0.03831858762734772
child_past_risk_cv___2,0.03826012292609898
child_cosymptoms_cv___3,0.038176977246356256
su_p_cig_loc_cv___3,0.03774054824353673
absent_reason_cv___3,0.03751369117838299
child_past_risk_cv___4,-0.03659149875545376
school_close_cv,-0.03656576571190882
p_cope_cv___1,-0.03633515231650127
child_covid_cv,-0.03610983909715507
p_cope_cv___3,-0.03571408418794239
su_tobacco_chew_cv,0.035171049919933604
talk_race_cv,-0.03512375440328738
school_engage_cv___3,-0.035069134524483764
su_p_mj_smoke_loc_cv___3,0.03484544767910587
child_news_time_cv,0.03409553429705964
p_safety_cv,-0.03348492341716712
screentime_14_wknd_hr_cv,0.0322606475395277
mctq_fd_wake_up_time_cv,0.03157679127481227
school_nutrition_cv,-0.03026171815340707
demo_afraid_cv,-0.029718891797962863
child_symptom_actions_cv___2,-0.029385466030894106
demo_touching_things_cv,-0.028992685586818955
witness_rac_disc_cv,0.028652212064814202
internet_access_cv,-0.028543933874955178
past_week_cope_cv___9,-0.028512516079603378
child_gaming_min_cv,0.028070593613191263
coverage_cv,-0.027775901055023887
graded_cv,-0.027736250152754605
pstr_way_p_cv,-0.02771702885055526
exp_rac_disc_cv,0.02758361929354548
su_meth_cv,0.027353633605843534
p_cope_cv___6,-0.027198491443504103
absent_reason_cv___2,0.02701040699923181
su_p_mj_smoke_loc_cv___4,0.026705840102719133
child_symptoms_cv___2,-0.026533934067442557
child_symptom_actions_cv___4,0.02623446719638876
mctq_fd_min_to_get_up_cv,0.02621079657631668
fam_member_relation_p_cv___6,-0.02617361305260791
money_cv,-0.025047715943891984
su_medication_cv,0.024112335469360462
child_cosymptoms_cv___9,-0.023946808271258793
screentime_wknd_typical_hr_cv,0.023423520707190035
child_cosymptoms_cv___4,-0.023299707101499475
su_p_mj_vape_loc_cv___3,0.023234881917241292
child_avg_elec_time_cv,0.02317178090806114
child_phys_activity_days_cv,0.023143672845339535
su_p_vape_loc_cv___1,0.02281618337048917
material_access_cv,-0.02261921742567367
fam_exp_racism_cv,0.022135549746206646
su_p_vape_loc_cv___2,-0.02210669036137426
screentime_12_wknd_hr_cv,0.021064494379677202
child_texting_time_cv,-0.020340867003014563
homework_time_cv,0.020101026007400293
child_cosymptoms_cv___2,0.0199921992784554
su_p_vape_loc_cv___888,-0.01942119207047642
su_tobacco_cig_cv,0.019339680091472942
sitting_weekday_hour_cv,-0.01933063852195136
p_cope_cv___5,-0.01869956300891476
homework_help_time_cv,0.01861107940293212
child_phys_activity_min_cv,-0.018385333500964374
child_sched_cv,-0.017987022641253635
su_alcohol_cv,0.017945304431757663
demo_stayed_indoors_cv,0.017609375641032016
p_worry_cv,0.017089984240611807
felt_cv,0.016958209411416986
child_social_media_min_cv,0.016373793216948988
child_sleep_amount_cv,-0.01627205812677359
school_engage_cv___2,0.016085862550877687
su_p_mj_vape_loc_cv___2,0.01597916999241811
p_cope_cv___9,-0.015634732392930912
others_worry_y_cv,0.01535331020623411
questionnaire_privacy_cv,-0.01501420123937796
child_care_impact_cv___1,-0.014321468136702174
child_social_media_time_cv,0.014249698504515072
su_p_mj_vape_loc_cv___4,0.014224586048072915
think_will_hospitalized_cv,0.014128001172118675
su_p_cig_loc_cv___5,-0.013688129039623652
screentime_11_wknd_hr_cv,-0.013510161520923063
child_texting_min_cv,0.013493496638656918
child_video_chat_time_cv,0.013383213030560392
screentime_10_wknd_hr_cv,-0.013347055004699708
fam_actions_cv___5,-0.01333890968575672
child_avg_elec_min_cv,-0.013284352637329301
p_cope_cv___4,0.013188662662209144
outdoor_act_cv,-0.013167598531923654
school_engage_cv___4,-0.012774640548309733
child_cosymptoms_cv___1,0.01253123326946015
absent_reason_cv___4,-0.011558962879589274
demo_affect_life_cv,-0.01148969080675209
child_symptom_actions_cv___3,0.011105538749702687
demo_exercise_cv,-0.01078612481625842
past_week_cope_cv___2,0.010609806355291315
pstr_confidence_p_cv,0.00964798647455122
screentime_cv,-0.009309434446549116
mctq_fd_min_to_sleep_cv,-0.009190358820236083
avoid_discussing_cv,-0.008602103813372834
su_vape_nic_cv,-0.008475228239238889
fam_actions_cv___3,-0.008472015090319238
fam_member_relation_p_cv___5,-0.00813691546102858
screentime_15_wknd_hr_cv,-0.007998912419347066
fam_actions_cv___4,-0.007905882763063702
absent_reason_cv___1,0.00771263268529063
child_cosymptoms_cv___6,-0.007564794730605076
caregiver_cv,-0.007146738122768603
child_worry_cv,-0.007132546050852796
walk_10_min_per_day_cv,-0.006311305282800539
separate_people_cv___7,-0.005870284790473627
fam_actions_cv___6,-0.005835862666130456
school_engage_cv___1,0.0057006550825122685
worry_about_cv,-0.0051384658235261995
su_p_vape_loc_cv___3,0.00493163737460496
p_cope_cv___8,0.004930016720917168
physical_activities_hr_cv,-0.004603820960789414
child_cosymptoms_cv___7,0.0043824839106690544
talk_conserve_cv,0.004120050348938594
su_p_mj_vape_loc_cv___888,-0.0029003581879409744
su_p_mj_smoke_loc_cv___888,-0.0029003581879409744
school_engage_cv___6,-0.0024926779913150357
screentime_wknd_hr_cv,0.0017181968538146294
worry_y_cv,-0.0015407722881679896
child_gaming_time_cv,-0.0011883564160341579
su_p_vape_loc_cv___4,0.0007435830942962682
su_p_mj_smoke_loc_cv___2,0.00040471892925293435
mctq_schedule_time_cv,-0.0003328573461677083
child_news_source_cv,-0.0002504157122020066
fam_member_relation_p_cv___4,0.0
