,7
outdoor_act_cv,0.24518353997560888
walk_10_min_per_day_cv,0.22439432509796237
physical_activities_hr_cv,0.22229189457700388
demo_exercise_cv,0.214241538173449
separate_people_cv___7,0.14963506149558098
pets_cv,0.1473346626470048
talk_cancel_cv,0.13091069016881596
school_prep_cv,-0.1308935179704554
p_cope_cv___2,0.13029560690288525
talk_vuln_cv,0.12436129755247678
p_cope_cv___3,0.12387851691917724
p_cope_cv___4,0.12174412074610648
work_ability_cv,0.12167876434663281
child_frustrated_cv,0.12032786839199774
mctq_fd_min_to_sleep_cv,-0.11907152576284769
p_cope_cv___1,0.11724103040496424
parent_monitor_q1_y_cv,-0.11191940985680728
fam_actions_cv___4,-0.11148017144553796
pet_identify_cv___1,0.10675528108415455
talk_wash_cv,0.1066273465379982
fam_wage_loss_cv,0.10590082533983183
increased_conflict_cv,0.09650874522287653
get_coronavirus_cv,0.0957415411551405
child_enjoy_cv,0.09560150613375558
child_news_time_cv,-0.095444769325713
separate_people_cv___5,0.09529976236384283
p_cope_cv___6,0.0944708833785793
separate_people_cv___6,0.09373798466333244
household_ability_cv,0.09340361569896083
sitting_weekday_hour_cv,-0.0932200198674854
fam_actions_cv___3,-0.09008938218056964
child_fear_cv,0.0900695090663863
past_week_cope_cv___2,0.08881901662589076
demo_stayed_away_cv,-0.08867391784459469
fam_actions_cv___5,-0.08757909529564104
past_week_cope_cv___5,-0.08708568416099875
parent_monitor_q4_y_cv,0.08661332370626154
screentime_wknd_typical_hr_cv,0.08573782490178931
demo_hand_sanitizer_cv,0.08554626384401061
talk_social_distance_cv,0.0855058078840821
mctq_fd_min_to_get_up_cv,-0.08525688013462117
child_gaming_time_cv,0.08491675621698032
fam_actions_cv___13,-0.08436096183708496
child_separate_cv,0.08404861581196545
talk_race_cv,0.0839650480039879
fam_act_cv,0.08057792512199201
past_week_cope_cv___7,-0.08048230276204757
graded_cv,-0.07966095084986324
social_media_platform_cv,-0.07960789932936724
child_social_media_min_cv,0.07956972441791664
talk_symptoms_cv,0.07791191279304109
child_breaking_rules_cv,0.07722514718461687
think_will_get_cv,0.07630673057580627
demo_wipes_cv,0.07625324121556
relationships_w_friends_cv,0.07589251185980615
p_cope_cv___9,-0.07466768075825962
worry_about_cv,0.07455784596642948
mctq_schedule_time_cv,-0.07079768312091478
child_gaming_min_cv,0.07056885400091356
cv_p_select_language___1,0.06984211536557185
talk_isolate_cv,0.06882874967482727
fam_expose_cv,0.06863050213275161
child_care_impact_cv___2,0.06571853018657962
child_social_media_time_cv,0.0655540247053681
fam_actions_cv___6,-0.0645735106260319
child_worried_about_cv,0.06380996012025611
fam_exp2_cv,0.06306639429615933
demo_wash_hands_cv,0.06299699939624752
demo_touching_things_cv,0.06272084129435126
p_life_changed_cv,0.06254279350967636
screentime_10_wknd_hr_cv,0.062059373370122364
screentime_wknd_hr_cv,-0.06167643043212494
talk_conserve_cv,0.06074252079573252
child_serious_cv,-0.060517307038784426
child_fall_asleep_time_cv,-0.060113211775878715
separate_people_cv___8,0.05964040446069205
child_phys_activity_time_cv,0.05896487791199155
child_cosymptoms_cv___5,0.058243480293635456
p_cope_cv___8,0.057868651975887274
separate_people_cv___2,0.05772930042545573
screentime_12_wknd_hr_cv,0.057436877709340306
child_texting_min_cv,0.05739829760986953
screentime_7_wknd_hr_cv,-0.05665908932095707
school_engage_cv___6,0.056656379092674555
child_symptoms_cv___1,0.05582367026674666
worry_y_cv,-0.0554963250518559
child_cosymptoms_cv___3,0.055291859204031346
others_worry_y_cv,-0.05514473908755682
su_p_vape_loc_cv___4,0.05472339913770103
child_symptom_actions_cv___3,0.05460081759443315
child_diag_asthma_cv,-0.05285280673065003
coverage_cv,0.052647538744163246
fam_exp4_cv,0.05246855113567656
caregiver_help_cv,0.052335094671988734
material_access_cv,-0.051456092717866955
fam_actions_cv___7,-0.04999276269112587
internet_access_cv,0.04921572603888453
school_cv,-0.04919930037670452
past_week_cope_cv___9,-0.04881626365881309
child_covid_cv,0.04828145469864673
screentime_14_wknd_hr_cv,0.04814583644031759
fam_member_relation_p_cv___1,0.047931797152428395
percent_live_cv,-0.047822997683555295
su_p_mj_vape_loc_cv___1,0.0476787149283297
demo_avoid_news,-0.04763780417093391
avoid_talking_about_cv,-0.04645560917109754
avoid_discussing_cv,-0.045958235999001694
fam_actions_cv___9,-0.04555957560612152
school_engage_cv___1,0.04530662056930034
child_cosymptoms_cv___2,0.04523061292819016
child_care_impact_cv___5,-0.04458308565141625
social_media_cv,0.04443325903244158
screentime_11_wknd_hr_cv,0.043867919339277577
school_engage_cv___3,0.04381860672899808
child_symptom_actions_cv___2,0.04363064151321396
custody_cv,0.04274704405018938
ple_close_fam_cv,0.04250094980517605
su_alcohol_cv,0.04205206202283703
tool_access_cv,0.04201035061710168
child_cosymptoms_cv___6,0.04172700500307503
p_cope_cv___7,0.041530740396395066
su_p_vape_loc_cv___3,0.04139817144682632
su_p_mj_vape_loc_cv___888,0.040252358955934674
su_p_mj_smoke_loc_cv___888,0.040252358955934674
su_p_mj_smoke_loc_cv___3,0.04021277259067305
p_feeling_cv,0.039892074728810026
demo_schoolwork_on_comp_cv,0.03976172077090336
demo_mask_coverage_cv,0.03948847728642573
child_care_impact_cv___4,0.03911112003083902
think_someone_close_get_cv,0.03894642031629001
child_texting_time_cv,0.03882824227840099
su_p_vape_loc_cv___2,0.038733166968169246
child_video_chat_min_cv,0.03872376003525551
child_symptom_actions_cv___5,-0.03854426833549448
fam_member_relation_p_cv___3,0.03748361219532883
child_tested_cv,0.037257501456244145
caregiver_cv,0.03707816547372407
child_care_impact_cv___3,0.03688538986448766
su_vape_nic_cv,0.036802489055908126
child_cosymptoms_cv___1,0.03679106897337061
felt_life_went_wrong_cv,0.03629558980805233
su_p_vape_loc_cv___1,0.036033984848718247
parent_monitor_q3_y_cv,-0.03601888655759016
fam_actions_cv___10,-0.03555282302948995
su_smoked_tob_cig_cv,0.03496620255740664
separate_people_cv___1,0.03375392728274646
absent_reason_cv___4,-0.0335780738240553
screentime_15_wknd_hr_cv,-0.03351321978160383
screentime_music_cv,-0.03269323251784768
fam_actions_cv___11,-0.03161707751024604
school_engage_cv___4,0.03160851881061484
child_phys_activity_min_cv,-0.031452789504733604
past_week_cope_cv___1,-0.030963446679752225
absent_reason_cv___2,-0.030602044506856968
su_p_mj_smoke_loc_cv___1,0.030481625392577982
exp_rac_disc_cv,0.03040082617223258
fam_actions_cv___15,0.02990328199762212
pstr_way_p_cv,-0.029625247648651237
relationships_w_family_cv,0.029337229568073997
news_update_cv,0.028875966674569903
fam_exp1_cv,0.028439214535189536
child_cosymptoms_cv___8,-0.027992731954390563
prepared_child_cv,0.02792811745512736
felt_always_sad,0.02781881443215304
mctq_fd_btime_cv,0.027779697696347708
child_avg_elec_min_cv,0.027595263488404808
screentime_cv,-0.02734821055295943
su_tobacco_cig_cv,0.02709447973268916
child_symptom_actions_cv___1,0.02688666586559296
child_video_chat_time_cv,0.02684920400531446
pet_identify_cv___6,0.02548500483221902
encouraged_cv,0.025472154986311148
questionnaire_privacy_cv,0.025401170491945457
felt_sad_cv,-0.02536737691886334
prim_cv,-0.02492024319691734
demo_stayed_indoors_cv,0.024129215602513455
past_week_cope_cv___3,-0.024076678756091735
felt_no_fun_cv,-0.02394190094292451
felt_unhappy_cv,-0.02321560414356552
iep_cv,0.022640309167522573
felt_cv,0.022627185815189323
past_week_cope_cv___4,0.022626309977764318
think_will_hospitalized_cv,-0.022550402986442487
child_news_source_cv,-0.022445817519705716
child_sleep_amount_cv,-0.022330347937229593
school_engage_cv___2,0.022323842994998358
school_nutrition_cv,0.022186751418030247
su_p_mj_smoke_loc_cv___4,0.022102171110593097
child_cosymptoms_cv___9,-0.021899804721043418
fam_actions_cv___12,-0.02186241301926993
p_worry_cv,-0.02010762380628972
child_phys_activity_days_cv,-0.01997493122373831
fam_exp5_cv,0.01925006610907425
child_past_risk_cv___3,0.018973827227243955
su_tobacco_chew_cv,0.01889934831210234
homework_help_time_cv,0.018880941093254545
past_week_cope_cv___8,-0.01872167485902915
money_cv,0.01823303925303058
separate_people_cv___4,0.01792941903644906
child_symptom_actions_cv___4,0.017902901316983303
witness_rac_disc_cv,0.01783543853842984
child_symptoms_cv___4,0.017796699407836628
fam_member_relation_p_cv___5,-0.01747913790373151
extra_material_cv,0.017030461192928257
pet_identify_cv___3,0.016435455805363427
su_mj_use_past_month_cv,0.016121016875925792
child_cosymptoms_cv___4,-0.016103476789116267
fam_exp6_cv,0.015198097950042512
fam_actions_cv___8,-0.015112115799873423
pstr_unable_control_cv,-0.014237579246623784
p_cope_cv___5,0.013927498256972426
mctq_fd_wake_up_time_cv,-0.013859987858681455
separate_people_cv___3,0.013707171644894336
child_avg_elec_time_cv,0.013439248839445169
school_engage_cv___5,-0.013195399998085808
assure_child_cv,0.012777474818219555
p_safety_cv,0.012701601407953789
child_cosymptoms_cv___7,0.01265891731364129
su_p_mj_vape_loc_cv___3,0.01246526465186516
su_p_cig_loc_cv___888,0.012185255627169243
child_past_risk_cv___2,0.012177123194032977
su_p_cig_loc_cv___1,0.012160611902444662
past_week_cope_cv___6,-0.011676166278591936
parent_monitor_q5_y_cv,0.011414103114835891
screentime_9_wknd_hr_cv,0.0111112137496138
su_p_mj_smoke_loc_cv___5,-0.011102808432110443
mental_health_cv,0.010996852776055643
fam_actions_cv___14,0.010753705509744239
demo_touching_people_cv,0.010586718086638294
fam_exp7_v2_cv,0.010512120643952134
routine_cv,-0.010048592404938958
pstr_confidence_p_cv,-0.009884055950690768
pet_identify_cv___4,-0.009800390122380548
felt_alone_cv,0.009652358785108034
fam_actions_cv___2,-0.009548670156616012
fam_member_relation_p_cv___6,0.009393750093936622
homework_time_cv,-0.009008983637374488
reg_meals_cv,0.00896835711570302
school_reopen_date_dk_cv,0.008901808387376536
pet_identify_cv___5,-0.00860015605116899
absent_reason_cv___1,-0.00850735396316441
child_symptoms_cv___3,0.008173503869426458
fam_member_relation_p_cv___2,-0.007833649162482654
su_medication_cv,0.007815010058513813
fam_actions_cv___1,-0.007266875967783963
demo_affect_life_cv,-0.006662903678084963
mctq_fd_num_wake_up_cv,-0.006500907502006873
child_symptoms_cv___2,-0.00623934199565398
fam_size_cv,-0.005623860605828462
su_p_mj_vape_loc_cv___2,-0.00556980113906624
child_worry_cv,0.005500627352443088
child_past_risk_cv___4,0.005329264086017683
child_care_impact_cv___1,-0.005312181606441456
su_p_vape_loc_cv___888,0.005158100942942136
su_meth_cv,0.0049063804739057915
fam_exp3_cv,-0.0047997905198378195
child_sched_cv,-0.004688735749184305
mctq_fd_time_asleep_cv,0.004482265004535262
su_p_cig_loc_cv___3,0.00440193740577566
child_care_cv,-0.0038898794145119935
bedtime_routine_cv,-0.003885290641293328
pstr_overcome_p_cv,-0.0037685662579944744
felt_angry_cv,-0.0036864797609856732
su_p_cig_loc_cv___5,0.003446848817554317
su_liquids_cv,-0.0031967049977816675
su_p_cig_loc_cv___4,-0.003102239787279928
absent_reason_cv___3,0.00309877727934648
p_enjoy_cv,0.0030963261233739707
school_difficulty,0.0028496002149979186
pet_identify_cv___2,0.002743780178612292
felt_lonely_cv,-0.0025754645343993823
school_close_cv,0.002035413179594389
su_p_mj_vape_loc_cv___5,0.001985199353847278
su_p_mj_smoke_loc_cv___2,0.0018380488947004731
demo_afraid_cv,-0.0017997094886424653
fam_exp_racism_cv,0.0014152393346558167
su_p_mj_vape_loc_cv___4,0.0009694700588379643
su_p_vape_loc_cv___5,0.0007166070961883887
child_past_risk_cv___1,0.0006840858581766788
su_p_cig_loc_cv___2,0.000421863306710322
fam_member_relation_p_cv___4,0.0
