,8
percent_live_cv,-0.300965910360512
custody_cv,0.2610551564289312
prim_cv,0.20982677375106137
separate_people_cv___1,0.17959908415289236
screentime_7_wknd_hr_cv,-0.16411435804724886
screentime_wknd_hr_cv,-0.1638807516784557
fam_size_cv,-0.1450241767439093
child_gaming_time_cv,-0.13762660309833896
p_life_changed_cv,-0.1345449984441589
screentime_10_wknd_hr_cv,-0.13217986842622445
child_avg_elec_time_cv,-0.13043095566726134
pet_identify_cv___2,0.12725088869754766
screentime_9_wknd_hr_cv,-0.12085040677620863
p_worry_cv,-0.12054894513547058
sitting_weekday_hour_cv,-0.11852493005896124
caregiver_cv,-0.1166249449227703
think_will_get_cv,-0.10961422672642467
child_care_cv,-0.10262223405415533
fam_expose_cv,-0.10118626255795651
child_frustrated_cv,-0.10103981271433625
p_cope_cv___9,0.10092600651916686
school_engage_cv___6,0.10025141177998992
pets_cv,0.09939311918320665
absent_reason_cv___4,0.09793650175943748
child_phys_activity_time_cv,0.09631269336943492
separate_people_cv___4,-0.09412826383741049
fam_actions_cv___14,0.09383656582047167
separate_people_cv___3,0.09307137701986838
p_feeling_cv,-0.09239252404453263
walk_10_min_per_day_cv,0.09006763187229784
fam_actions_cv___2,-0.08765267237995991
fam_actions_cv___13,-0.08713216823095896
fam_actions_cv___12,-0.08704147648949506
p_cope_cv___1,-0.0869706411279374
child_symptoms_cv___3,-0.08505365895782427
think_someone_close_get_cv,-0.08430379699745172
mctq_fd_time_asleep_cv,-0.08299527965310852
talk_social_distance_cv,-0.0819515805327737
mctq_fd_btime_cv,-0.08188799833696095
pet_identify_cv___3,0.08118283111631999
parent_monitor_q1_y_cv,-0.0811137886197678
others_worry_y_cv,-0.0807191918857129
fam_actions_cv___11,-0.08023994274332591
bedtime_routine_cv,0.07982923459137758
child_diag_asthma_cv,-0.07908905288462983
child_serious_cv,-0.07867889035187545
get_coronavirus_cv,-0.07719292628119104
separate_people_cv___5,-0.07644445755920948
p_cope_cv___8,-0.07584778752980835
mctq_fd_wake_up_time_cv,-0.07538239631232048
fam_wage_loss_cv,-0.07378496222707139
talk_cancel_cv,-0.07247326667502846
talk_wash_cv,-0.07235159573695563
prepared_child_cv,-0.07233727818150437
fam_actions_cv___1,-0.07220953111134812
caregiver_help_cv,0.07148735014766958
separate_people_cv___6,-0.07063759325147635
talk_isolate_cv,-0.06854451063924365
ple_close_fam_cv,-0.0677675720562337
school_close_cv,-0.0676568983939201
child_news_source_cv,0.067396675035522
separate_people_cv___2,-0.06710849044209172
outdoor_act_cv,0.06604451251727265
separate_people_cv___7,-0.06584284299621154
talk_vuln_cv,-0.06387593404741693
su_p_mj_smoke_loc_cv___2,0.06292120731939091
absent_reason_cv___2,0.06121363065303699
routine_cv,0.06074634938249027
talk_symptoms_cv,-0.060326018538296666
child_social_media_min_cv,0.059495358490272106
child_care_impact_cv___2,-0.05858210407191769
p_safety_cv,-0.058554415651922244
child_symptom_actions_cv___2,-0.058547653124460836
internet_access_cv,-0.058300654985651144
child_news_time_cv,0.05792617733992419
demo_exercise_cv,0.05610174986197332
su_p_mj_smoke_loc_cv___4,0.055311650963344706
fam_actions_cv___9,-0.054847612110993246
reg_meals_cv,-0.05384609891141825
child_past_risk_cv___4,-0.0519868025554436
pet_identify_cv___4,0.05172195841182857
child_care_impact_cv___5,0.05165433111055446
physical_activities_hr_cv,0.05147733973346486
school_engage_cv___5,-0.051280832337339224
assure_child_cv,-0.051199920348576296
fam_actions_cv___6,-0.05097096899050308
pet_identify_cv___5,0.050659679227272006
su_p_cig_loc_cv___2,0.050614985922902096
iep_cv,0.050196505851342825
questionnaire_privacy_cv,-0.05017555431681309
fam_member_relation_p_cv___5,0.050128118157313106
worry_y_cv,-0.04998983574438734
fam_exp6_cv,0.04892494067559895
child_separate_cv,-0.048888281468636725
pet_identify_cv___1,0.04757534296221624
fam_member_relation_p_cv___2,-0.04645084014532944
child_past_risk_cv___3,0.046384208056736285
fam_actions_cv___7,0.04622809819418566
pstr_overcome_p_cv,0.04586319528832659
demo_stayed_away_cv,-0.04534005990379069
pstr_confidence_p_cv,-0.04503709584370429
child_video_chat_min_cv,0.0443390347955887
child_cosymptoms_cv___7,0.044229779757400445
increased_conflict_cv,-0.0438708553880063
past_week_cope_cv___9,0.04338469143296048
think_will_hospitalized_cv,-0.0433620370946639
su_vape_nic_cv,0.04267480692673604
child_symptom_actions_cv___3,-0.04214142570671251
p_cope_cv___7,-0.04124607712969333
past_week_cope_cv___7,-0.04111954978390979
child_cosymptoms_cv___8,-0.040698509692798486
su_p_vape_loc_cv___1,0.04063193179126764
felt_life_went_wrong_cv,0.04026427270674099
social_media_cv,0.039539451086281804
su_p_cig_loc_cv___4,0.03904228664756207
child_enjoy_cv,-0.03867924661379463
su_p_cig_loc_cv___3,0.0382134140996197
demo_affect_life_cv,-0.03793804739184209
pstr_unable_control_cv,0.03722254791614854
school_nutrition_cv,0.036980416018377454
su_p_mj_smoke_loc_cv___1,0.0368403012652969
pet_identify_cv___6,0.03673651809147025
past_week_cope_cv___2,-0.036442639753329266
child_symptoms_cv___4,0.03638660427407865
child_sleep_amount_cv,0.03638548949058177
su_meth_cv,-0.03632053781719852
fam_actions_cv___5,-0.036046954362647946
mctq_schedule_time_cv,-0.03594294752761188
parent_monitor_q4_y_cv,0.035829699425665516
extra_material_cv,0.035722015066534066
screentime_wknd_typical_hr_cv,-0.03571947123178241
tool_access_cv,-0.035227016971348495
felt_no_fun_cv,-0.03480443823409081
coverage_cv,-0.03438386720690857
social_media_platform_cv,-0.0343019741715435
su_p_mj_smoke_loc_cv___888,0.0340745967148303
su_p_mj_vape_loc_cv___888,0.0340745967148303
p_cope_cv___3,-0.034036363019323015
fam_exp7_v2_cv,0.03381554787039421
p_cope_cv___5,-0.03357697535699513
child_fear_cv,-0.03353198544511393
su_p_cig_loc_cv___888,-0.0333936112585444
child_worry_cv,-0.03222658853087516
child_worried_about_cv,-0.032035138638769625
money_cv,0.03192308113666552
demo_stayed_indoors_cv,0.03191924263807724
su_p_mj_smoke_loc_cv___3,0.03145108579441079
fam_actions_cv___8,0.03135975615814735
child_symptom_actions_cv___1,-0.031043647908494846
p_cope_cv___2,-0.030925248547920062
relationships_w_family_cv,-0.030738761125597567
child_covid_cv,-0.03070841397271833
child_texting_min_cv,0.030670768351852146
screentime_14_wknd_hr_cv,0.02981297589771667
child_texting_time_cv,-0.029260333780086665
child_symptom_actions_cv___4,0.028409001039308022
child_past_risk_cv___2,0.027954804806550396
child_phys_activity_days_cv,0.027917687973465985
past_week_cope_cv___6,0.027497190719585764
talk_race_cv,-0.02734949007048792
su_tobacco_chew_cv,0.02702509148812329
worry_about_cv,0.026717859897226297
school_prep_cv,-0.026706332497681413
graded_cv,-0.02648869433601995
felt_sad_cv,-0.02607966008712908
demo_touching_people_cv,-0.025884735234595765
su_p_vape_loc_cv___3,0.025663703573694647
felt_angry_cv,-0.025255199511204196
news_update_cv,0.024646832184153616
child_cosymptoms_cv___9,-0.02423725601418102
child_sched_cv,0.023985698981365444
demo_wash_hands_cv,-0.023314855290220753
su_p_vape_loc_cv___888,-0.02301311266514164
household_ability_cv,-0.02258415610153196
fam_member_relation_p_cv___1,-0.022517014376146435
school_difficulty,-0.022477766647985467
demo_wipes_cv,-0.02220757439443318
child_symptom_actions_cv___5,-0.022152656851435432
fam_exp5_cv,0.02214595243130568
demo_schoolwork_on_comp_cv,0.021557699451792967
mctq_fd_min_to_sleep_cv,0.021181366788607152
p_enjoy_cv,0.02094969895362634
material_access_cv,-0.0208691645434377
su_liquids_cv,-0.020315886251902435
p_cope_cv___4,-0.020170424716736367
screentime_music_cv,-0.02016237972110908
su_medication_cv,0.01982948694403332
mental_health_cv,0.01981336524772778
su_p_mj_vape_loc_cv___5,0.019753908529891954
school_engage_cv___2,0.019740028003839942
screentime_cv,-0.01966955639838488
past_week_cope_cv___5,-0.019548367944037772
child_care_impact_cv___3,-0.01940070680367315
past_week_cope_cv___8,-0.01925965667348231
avoid_talking_about_cv,0.01914312275113948
talk_conserve_cv,-0.019076626573686535
demo_afraid_cv,0.01896986380272279
felt_cv,0.01824458648703992
encouraged_cv,-0.01807392716678226
child_care_impact_cv___4,0.017678470766429106
fam_actions_cv___10,-0.017673905756869588
su_alcohol_cv,0.01749657403938049
absent_reason_cv___1,0.017351113369288036
su_smoked_tob_cig_cv,0.0172587060442438
child_symptoms_cv___1,-0.016672449269376454
homework_help_time_cv,0.016488871645738316
su_p_mj_vape_loc_cv___1,0.016331593435480372
demo_mask_coverage_cv,-0.01627478779267769
child_gaming_min_cv,0.01614581160711941
avoid_discussing_cv,-0.01538384612235264
pstr_way_p_cv,-0.014652204729602129
school_engage_cv___4,-0.014599059448451369
screentime_11_wknd_hr_cv,0.014594262947159233
child_phys_activity_min_cv,-0.014572334653267204
fam_act_cv,-0.014505892768785847
past_week_cope_cv___4,0.01439717249569895
school_engage_cv___3,-0.01384376346192308
child_past_risk_cv___1,-0.01370342139865169
child_cosymptoms_cv___4,-0.01352082067549002
child_breaking_rules_cv,0.013326637903459719
felt_unhappy_cv,0.013263916201500683
fam_exp3_cv,0.013174953789546506
absent_reason_cv___3,0.013159811195511574
parent_monitor_q5_y_cv,0.013045236042290742
child_symptoms_cv___2,-0.012955249307558162
past_week_cope_cv___1,0.012629563666447574
fam_actions_cv___3,-0.012573955313590911
screentime_12_wknd_hr_cv,0.012541870778283224
fam_exp2_cv,0.01251655975033775
witness_rac_disc_cv,-0.012466115880909871
su_p_mj_vape_loc_cv___4,-0.012417282775434378
demo_avoid_news,-0.011917331004240767
su_p_mj_vape_loc_cv___2,0.011713432678721672
child_cosymptoms_cv___2,-0.011436237147577312
cv_p_select_language___1,0.010965819035648135
fam_exp1_cv,-0.010831249466370409
exp_rac_disc_cv,0.010626032260528624
separate_people_cv___8,0.010563334509130244
felt_alone_cv,-0.010335674271832348
demo_hand_sanitizer_cv,-0.009981105234477773
child_fall_asleep_time_cv,-0.009806651206117206
child_tested_cv,0.009696177730154664
demo_touching_things_cv,0.009677966406578984
fam_actions_cv___4,-0.009498926193026188
child_avg_elec_min_cv,-0.00938975077204064
child_cosymptoms_cv___6,-0.008948026887860313
homework_time_cv,0.008896014878582974
fam_member_relation_p_cv___3,-0.008543510946044287
su_p_mj_vape_loc_cv___3,0.008398343578655463
fam_exp4_cv,-0.00823106289519064
su_p_mj_smoke_loc_cv___5,-0.007419536874278352
su_p_cig_loc_cv___5,0.007368919414638781
su_p_vape_loc_cv___4,0.007201517928326627
child_cosymptoms_cv___5,-0.00681301097199656
su_mj_use_past_month_cv,-0.006733198655164902
school_cv,-0.0065247708467594395
p_cope_cv___6,-0.006143034451856653
child_social_media_time_cv,0.005923752014712163
felt_always_sad,-0.005564902073129743
fam_actions_cv___15,0.0054869388560389275
su_tobacco_cig_cv,0.005392975049618911
fam_member_relation_p_cv___6,-0.005314049243521285
su_p_cig_loc_cv___1,0.004872429574525215
school_engage_cv___1,-0.00470680339025265
mctq_fd_num_wake_up_cv,-0.004165842882147692
fam_exp_racism_cv,0.004151664945778455
child_cosymptoms_cv___1,0.004037423182307338
child_video_chat_time_cv,-0.003964903890771463
child_cosymptoms_cv___3,-0.0038792072757792883
child_care_impact_cv___1,0.003500354352462647
past_week_cope_cv___3,0.0034962011939505748
mctq_fd_min_to_get_up_cv,0.003386494760485945
relationships_w_friends_cv,0.003341343591338855
work_ability_cv,-0.0033102320501170847
school_reopen_date_dk_cv,-0.003008205030995221
su_p_vape_loc_cv___5,-0.002685500214369909
screentime_15_wknd_hr_cv,-0.0015984454826685939
su_p_vape_loc_cv___2,-0.0011019650663129583
parent_monitor_q3_y_cv,0.00041429017779957925
felt_lonely_cv,-0.00030545589105846995
fam_member_relation_p_cv___4,0.0
