,9
su_p_cig_loc_cv___4,0.17205241137959185
pstr_confidence_p_cv,0.17114568672133446
fam_exp2_cv,0.16387115917922643
fam_exp3_cv,0.1591944844058172
tool_access_cv,-0.14967190169281708
fam_exp4_cv,0.14437686922618295
su_p_cig_loc_cv___2,0.1369763549353128
child_fall_asleep_time_cv,-0.13641442129018394
pstr_way_p_cv,0.13409665447165783
internet_access_cv,-0.1315557658063712
fam_exp6_cv,0.1301542098558194
separate_people_cv___3,0.128999953788676
su_p_cig_loc_cv___3,0.126012224893455
fam_exp1_cv,0.12337482410589218
bedtime_routine_cv,0.12245090956248446
su_p_cig_loc_cv___1,0.11891958153873075
mctq_fd_num_wake_up_cv,-0.11630777216878571
screentime_10_wknd_hr_cv,0.1150606264784619
avoid_talking_about_cv,-0.11487966219932978
su_p_vape_loc_cv___3,0.1136415913904767
routine_cv,0.11074653034174595
reg_meals_cv,0.10626611532840237
fam_exp5_cv,0.10569952249615724
su_p_vape_loc_cv___2,0.10473380798405661
su_p_mj_smoke_loc_cv___4,0.10346406177830268
su_p_vape_loc_cv___4,0.10314408513858637
school_prep_cv,0.10263795691165527
separate_people_cv___1,0.1006529051628936
su_p_vape_loc_cv___1,0.0996924906483133
p_cope_cv___6,0.09898633954301891
p_cope_cv___7,0.0985905844151647
pstr_overcome_p_cv,-0.09850136656737431
iep_cv,-0.09751812599436907
screentime_wknd_hr_cv,0.09690355524280733
child_frustrated_cv,-0.09553599923472351
child_gaming_time_cv,0.09110884435782238
p_feeling_cv,0.08840177308811582
child_breaking_rules_cv,-0.08791353968504378
child_sleep_amount_cv,-0.08723167457842519
avoid_discussing_cv,-0.0868553173493652
caregiver_cv,-0.08489470834725046
parent_monitor_q1_y_cv,0.08294111317821529
demo_afraid_cv,-0.08267155827481022
child_fear_cv,-0.08174809853767231
child_care_cv,0.08090540143984037
child_serious_cv,0.07900409617512864
prepared_child_cv,0.07861541864979171
fam_member_relation_p_cv___3,-0.07771107390572783
p_cope_cv___9,-0.07609728740162479
child_phys_activity_days_cv,0.07572326184554054
demo_hand_sanitizer_cv,-0.07492932765376188
p_cope_cv___5,0.0749162218167356
child_enjoy_cv,-0.07411812222045068
su_p_mj_smoke_loc_cv___2,0.07404631784434129
demo_wash_hands_cv,-0.07398557015534483
su_p_cig_loc_cv___888,-0.07344287362381434
su_p_cig_loc_cv___5,0.07225833179868847
fam_actions_cv___7,0.07209176684441353
p_cope_cv___3,0.07178702362536066
school_engage_cv___1,-0.0716459106059829
prim_cv,-0.0709309325597677
fam_wage_loss_cv,0.07025092148212221
p_safety_cv,0.06947851455116545
felt_cv,-0.06819906949528912
social_media_cv,-0.06816134966807205
fam_size_cv,-0.06813537990470996
screentime_wknd_typical_hr_cv,0.0670821578925148
fam_member_relation_p_cv___1,-0.06640324015355488
increased_conflict_cv,-0.06616574215342626
pet_identify_cv___4,0.06588645837475378
demo_stayed_indoors_cv,-0.0657847522347323
pet_identify_cv___2,0.06513027743312316
fam_actions_cv___2,-0.0639946991957338
mctq_fd_min_to_sleep_cv,-0.06390139763573129
felt_life_went_wrong_cv,-0.06328720179878848
fam_expose_cv,-0.06326387516937518
pstr_unable_control_cv,-0.06305106363733466
fam_member_relation_p_cv___2,-0.0626972608869287
child_symptoms_cv___4,-0.06195371874043406
fam_actions_cv___12,-0.061580466706114376
su_vape_nic_cv,-0.06149581923384194
demo_wipes_cv,-0.06143489523133032
p_cope_cv___8,0.06112971292872264
past_week_cope_cv___4,0.061039860305862344
parent_monitor_q5_y_cv,0.060368980026057506
separate_people_cv___2,0.05929354915150155
fam_act_cv,0.05859491344484936
su_p_vape_loc_cv___5,0.05822751222141014
su_mj_use_past_month_cv,-0.057928472739822205
fam_actions_cv___8,0.05759588305533974
fam_actions_cv___11,-0.056989861637378354
absent_reason_cv___1,-0.05652548663039563
separate_people_cv___4,0.056307515238613215
child_separate_cv,0.056283268318614584
su_p_mj_vape_loc_cv___4,0.05599263858737801
worry_about_cv,-0.05553440084580405
child_phys_activity_time_cv,0.054988949181497236
felt_always_sad,-0.05493201639838117
p_enjoy_cv,0.05492290174455178
su_p_mj_vape_loc_cv___2,0.054891172505803165
mctq_schedule_time_cv,0.054091146885397484
screentime_9_wknd_hr_cv,0.053613825703734234
felt_alone_cv,-0.05350092348813609
social_media_platform_cv,0.053421656110378905
child_care_impact_cv___3,-0.05136273197908004
past_week_cope_cv___2,-0.0513208268420888
school_engage_cv___5,0.05127538670063987
child_symptoms_cv___3,0.0501989223990198
screentime_11_wknd_hr_cv,-0.04932105973484618
graded_cv,0.04897219917245464
felt_unhappy_cv,-0.04880044161588166
absent_reason_cv___3,-0.04837730342556059
parent_monitor_q3_y_cv,0.04829387480891059
demo_affect_life_cv,-0.04816931487785865
child_symptom_actions_cv___4,0.04756258358658248
demo_touching_things_cv,-0.0468560761894486
child_cosymptoms_cv___5,0.046398363332047686
caregiver_help_cv,0.0462445768889257
child_past_risk_cv___4,0.046184938342775
separate_people_cv___8,0.04573939521815475
sitting_weekday_hour_cv,0.04553122645709905
past_week_cope_cv___9,-0.045301830781144026
relationships_w_friends_cv,-0.04502154098288275
screentime_7_wknd_hr_cv,0.04501328290467834
fam_actions_cv___1,-0.04320239634148835
work_ability_cv,-0.042968999419969366
pet_identify_cv___3,-0.0428279872943105
fam_exp_racism_cv,0.0427639866949454
child_cosymptoms_cv___3,0.042578521677260874
felt_sad_cv,-0.04252527906176673
child_news_time_cv,0.042403393581481694
child_avg_elec_time_cv,0.042228922970933495
child_past_risk_cv___3,0.04216631393286376
child_symptoms_cv___1,0.04207570774223738
past_week_cope_cv___7,0.041740705022462424
child_gaming_min_cv,0.041718158649990476
custody_cv,0.041500095712757264
screentime_12_wknd_hr_cv,-0.04145610723284277
child_symptoms_cv___2,0.04123991780681039
child_cosymptoms_cv___9,0.04119782043427487
walk_10_min_per_day_cv,0.04116877277282347
fam_actions_cv___13,-0.04114711497408083
money_cv,-0.040838961844713056
separate_people_cv___7,0.04038956126933484
material_access_cv,0.040054293584414834
talk_social_distance_cv,-0.040020660418616794
encouraged_cv,-0.03997106264766195
exp_rac_disc_cv,0.039067211693143845
felt_lonely_cv,-0.03893301698787418
talk_wash_cv,-0.03854192428490682
past_week_cope_cv___8,0.03839910550024831
demo_schoolwork_on_comp_cv,-0.037952824887242095
su_p_mj_smoke_loc_cv___3,0.03789736656521954
homework_help_time_cv,-0.03767240502623263
separate_people_cv___5,0.0375822447375406
past_week_cope_cv___5,0.03739476725328224
talk_isolate_cv,-0.036803671132306336
school_close_cv,0.03627718525785525
fam_exp7_v2_cv,-0.03613493222910414
su_p_mj_vape_loc_cv___3,0.035383277281717036
household_ability_cv,-0.03522227977507642
separate_people_cv___6,0.03459384610342281
school_cv,0.03446952979234079
child_worried_about_cv,-0.033804858372769066
su_meth_cv,0.03340401459418569
relationships_w_family_cv,-0.03271004836936574
school_engage_cv___6,-0.03270726786287932
child_sched_cv,0.032621169302463116
child_video_chat_time_cv,-0.03249795071266483
talk_cancel_cv,-0.03238213557762882
past_week_cope_cv___6,0.03137779187218902
su_p_vape_loc_cv___888,-0.031210400618979166
child_cosymptoms_cv___2,0.030641553128645086
witness_rac_disc_cv,0.030573760970064798
su_p_mj_smoke_loc_cv___1,0.03023201295510856
worry_y_cv,-0.029533660687532326
child_symptom_actions_cv___5,0.02936276068447423
physical_activities_hr_cv,0.02896332156289686
fam_actions_cv___15,0.028843953688278377
su_alcohol_cv,-0.02877366050799126
su_p_mj_smoke_loc_cv___5,-0.028284660834764178
child_worry_cv,-0.027893233199714092
news_update_cv,-0.02783852777788404
child_care_impact_cv___1,0.027304120138032795
su_p_mj_vape_loc_cv___1,0.02687460048012975
coverage_cv,-0.02647649109277637
fam_actions_cv___6,-0.026098810615182662
child_social_media_time_cv,-0.02575236649822367
p_cope_cv___2,-0.02573119823051303
child_symptom_actions_cv___2,0.025320490925835056
think_will_get_cv,0.025314930320012155
p_cope_cv___4,0.02463556222836644
parent_monitor_q4_y_cv,-0.024528082195588108
felt_angry_cv,-0.024390066207661605
outdoor_act_cv,0.024370769934631144
school_engage_cv___4,-0.023691880748246952
child_social_media_min_cv,0.023680784790215723
su_tobacco_chew_cv,0.023416574518519223
su_tobacco_cig_cv,0.022716065307011268
fam_actions_cv___14,0.022633058407429154
pet_identify_cv___1,-0.022088660894545042
mctq_fd_min_to_get_up_cv,-0.021814149848726493
demo_mask_coverage_cv,-0.021533314851093218
fam_actions_cv___5,-0.020803098516867676
child_cosymptoms_cv___8,0.02072462999794634
fam_actions_cv___10,0.020448675915728198
talk_symptoms_cv,-0.02023387682038194
school_engage_cv___3,-0.020027215983843924
child_past_risk_cv___2,0.018748308233323727
p_life_changed_cv,0.0186417599127156
think_will_hospitalized_cv,-0.01799113036714718
child_symptom_actions_cv___3,0.01794421756646228
screentime_14_wknd_hr_cv,-0.017859768770421003
ple_close_fam_cv,0.017444535730554312
su_smoked_tob_cig_cv,-0.017125977487416698
demo_stayed_away_cv,0.016801520722887136
p_cope_cv___1,0.016748641128036996
talk_race_cv,0.01674212237708602
child_news_source_cv,0.01661690761381192
child_cosymptoms_cv___4,0.016412107500157452
su_liquids_cv,0.016090949814635783
felt_no_fun_cv,-0.015908829754681334
percent_live_cv,-0.01585216496888802
others_worry_y_cv,0.01569384066329065
talk_vuln_cv,-0.015459709715009049
child_tested_cv,-0.015339198656390655
get_coronavirus_cv,-0.015183407843591531
screentime_cv,-0.015143719342855803
extra_material_cv,-0.015137955400302461
child_care_impact_cv___2,0.014883692235952066
homework_time_cv,-0.01393995980484713
demo_exercise_cv,-0.013437206722816942
child_diag_asthma_cv,0.01336860406383167
mctq_fd_time_asleep_cv,0.013324962690309201
child_video_chat_min_cv,0.01297334539559126
fam_actions_cv___9,0.0128466540292571
p_worry_cv,0.012457059074030377
demo_avoid_news,-0.011844294465038608
absent_reason_cv___2,-0.011471029945308504
fam_member_relation_p_cv___5,0.0109487375514977
demo_touching_people_cv,-0.010734279974327313
su_medication_cv,-0.010686094501568164
child_cosymptoms_cv___1,0.010589071688881289
mental_health_cv,0.009570373121477333
screentime_music_cv,-0.009260821802754811
pets_cv,0.008378228372218306
pet_identify_cv___5,-0.00797569444204085
school_reopen_date_dk_cv,-0.007755396164005454
su_p_mj_smoke_loc_cv___888,-0.007382742826273522
su_p_mj_vape_loc_cv___888,-0.007382742826273522
child_texting_time_cv,-0.007251565582032153
screentime_15_wknd_hr_cv,0.00688052132197972
talk_conserve_cv,0.006856354188409942
child_care_impact_cv___4,-0.0068278775002745175
su_p_mj_vape_loc_cv___5,-0.005487240011632234
child_symptom_actions_cv___1,-0.005356211486093242
child_covid_cv,0.005317526603320702
fam_member_relation_p_cv___6,0.005163211341410498
school_difficulty,-0.00479905447548767
child_phys_activity_min_cv,0.004505541986213455
pet_identify_cv___6,-0.004240455527665903
past_week_cope_cv___3,0.004086907944977082
fam_actions_cv___4,-0.004031608564549839
child_cosymptoms_cv___6,0.0038191862377606623
questionnaire_privacy_cv,-0.0029815449093824123
child_past_risk_cv___1,0.0027354411955837145
past_week_cope_cv___1,-0.002304471464711273
child_texting_min_cv,-0.0022899758973545683
fam_actions_cv___3,0.0016957058613149098
child_care_impact_cv___5,-0.0016503116522638723
cv_p_select_language___1,-0.0015227876366060693
absent_reason_cv___4,0.001509297081767084
mctq_fd_wake_up_time_cv,-0.0011700503731048866
child_avg_elec_min_cv,-0.001064266277041492
mctq_fd_btime_cv,0.000731188796118173
child_cosymptoms_cv___7,-0.000680028615789985
school_engage_cv___2,0.000607436230650669
think_someone_close_get_cv,-0.0004065038293646897
assure_child_cv,0.00036657320654072883
school_nutrition_cv,0.00015822284196548525
fam_member_relation_p_cv___4,0.0
