,1
talk_conserve_cv,0.21442235469433224
fam_exp1_cv,0.21170358830617772
cv_p_select_language___1,0.19903355917255544
fam_exp7_v2_cv,-0.19873884037135073
fam_exp2_cv,0.19081181095265567
p_enjoy_cv,-0.18094563307658057
fam_exp4_cv,0.18021447779767732
talk_symptoms_cv,0.16545573602721622
talk_wash_cv,0.13845258269060542
fam_exp_racism_cv,0.13767713250875152
caregiver_cv,-0.1368127677659482
p_cope_cv___4,-0.13616947834664755
money_cv,0.13406195245652444
child_sleep_amount_cv,0.13165799870614425
school_nutrition_cv,0.12558351553811373
outdoor_act_cv,-0.12347728984861601
fam_exp3_cv,0.12244573691564034
think_will_get_cv,-0.12194481654428291
pets_cv,-0.11818594255950106
talk_race_cv,0.11500404741043398
talk_vuln_cv,0.11391848934324203
get_coronavirus_cv,-0.11190791606077612
talk_isolate_cv,0.1100687794016164
talk_cancel_cv,0.10296538147328627
screentime_9_wknd_hr_cv,0.10244883730826025
homework_help_time_cv,0.10171327367716122
past_week_cope_cv___4,-0.09969935130425468
talk_social_distance_cv,0.09881904132878916
school_prep_cv,-0.09697331890171292
fam_actions_cv___7,0.09222186540782461
avoid_discussing_cv,0.09124355785284541
pet_identify_cv___1,-0.09034855739562701
encouraged_cv,0.08599132948756838
separate_people_cv___5,-0.08492369978672575
p_cope_cv___6,-0.08481056959095466
fam_wage_loss_cv,0.08325698691538963
iep_cv,0.08004929553482434
assure_child_cv,0.07989189308390406
child_phys_activity_time_cv,0.07955925344225243
separate_people_cv___3,0.07890545731667784
p_cope_cv___8,-0.07788034388315217
worry_about_cv,0.07769400925313992
screentime_10_wknd_hr_cv,0.07727590581492758
fam_act_cv,-0.07717558546831386
relationships_w_family_cv,0.07714308912118271
bedtime_routine_cv,-0.07653729622806595
child_gaming_time_cv,0.07525948944378182
pet_identify_cv___4,-0.07383230198503249
tool_access_cv,-0.0709263685415251
child_social_media_time_cv,0.0683061727680318
fam_actions_cv___13,0.06774926648186282
fam_actions_cv___4,0.06771130444293971
child_avg_elec_min_cv,0.06700441202083392
think_someone_close_get_cv,-0.06639624273699975
demo_exercise_cv,-0.06582930367381784
separate_people_cv___1,0.06559428759701989
exp_rac_disc_cv,0.0650759269622945
physical_activities_hr_cv,-0.06484738252623856
parent_monitor_q5_y_cv,-0.06430379189099635
p_cope_cv___9,0.06417540382068992
internet_access_cv,-0.06409606317453614
child_separate_cv,-0.06372104653858619
walk_10_min_per_day_cv,-0.06366031726093785
school_close_cv,-0.06350979786030173
past_week_cope_cv___5,-0.06283702744554552
child_texting_time_cv,0.06269329629447419
demo_hand_sanitizer_cv,0.06237713427055588
coverage_cv,0.06155135295645153
demo_wipes_cv,0.060346464464582764
avoid_talking_about_cv,0.06029614363115872
fam_actions_cv___10,0.06020233385609898
screentime_11_wknd_hr_cv,0.06000417729648182
separate_people_cv___2,-0.05979066861240553
past_week_cope_cv___2,-0.0591394734164525
past_week_cope_cv___8,-0.05892650558439753
pet_identify_cv___5,-0.05891126718217287
child_diag_asthma_cv,0.05837234610262993
news_update_cv,0.05771379338774696
routine_cv,-0.057690989461336446
child_care_impact_cv___1,0.056169059659353975
p_cope_cv___2,-0.055994969084267224
school_engage_cv___6,0.05449285145977894
mental_health_cv,0.05422066185236749
work_ability_cv,-0.05409153549916966
fam_exp6_cv,0.05353509604617305
screentime_15_wknd_hr_cv,0.053522007960552266
past_week_cope_cv___6,-0.05347061273672308
household_ability_cv,-0.053314536123461265
pstr_confidence_p_cv,-0.052952751749563404
p_cope_cv___3,-0.051601990857340276
child_worried_about_cv,0.051021736185118564
fam_actions_cv___1,-0.050473288318104104
mctq_fd_num_wake_up_cv,0.05023254423453301
separate_people_cv___6,-0.05015436906725277
pet_identify_cv___2,-0.05006091791143059
demo_stayed_indoors_cv,0.04914864002191941
material_access_cv,-0.04876805552107802
p_worry_cv,0.04820627266327534
screentime_music_cv,0.04752644734320167
school_engage_cv___2,0.047220971511323664
child_gaming_min_cv,0.04710690054327603
screentime_12_wknd_hr_cv,0.04688906634730188
witness_rac_disc_cv,0.04643800403636431
mctq_fd_btime_cv,0.046304278954015024
demo_touching_things_cv,0.04577610313912378
p_cope_cv___7,-0.0452739883779015
child_worry_cv,0.044515853106706846
social_media_platform_cv,-0.04425870489012784
fam_expose_cv,0.04354984488683023
child_video_chat_time_cv,0.043451718596723775
p_cope_cv___5,-0.04326195227212212
reg_meals_cv,-0.04232427568250121
social_media_cv,0.042118522204792425
separate_people_cv___7,-0.041235217915515966
demo_mask_coverage_cv,0.040496087624639805
child_news_source_cv,-0.039467933716640986
su_p_cig_loc_cv___1,0.039017299062683225
screentime_7_wknd_hr_cv,0.038962758581629134
child_social_media_min_cv,0.038824773335218686
prepared_child_cv,0.03871179563987072
child_frustrated_cv,-0.03855481866222067
fam_actions_cv___8,0.03726590600998692
su_p_cig_loc_cv___4,0.03713659810504523
felt_unhappy_cv,-0.0367249167392169
demo_wash_hands_cv,0.03536993196076911
fam_actions_cv___5,0.033443078577265674
fam_actions_cv___14,0.03342090555231797
p_feeling_cv,-0.03339298957187858
fam_exp5_cv,0.03272513042389049
child_past_risk_cv___1,0.032371524425765866
felt_sad_cv,-0.03233735277264523
mctq_fd_wake_up_time_cv,0.0322986335091493
p_safety_cv,0.032052970454626066
child_serious_cv,-0.03183498412792204
past_week_cope_cv___3,-0.03161136961496616
mctq_schedule_time_cv,-0.03145496443900295
su_p_mj_smoke_loc_cv___4,0.03137240332849491
relationships_w_friends_cv,0.03120220951679354
mctq_fd_min_to_sleep_cv,-0.030805959771561562
p_cope_cv___1,-0.03080367411962912
child_symptom_actions_cv___3,-0.030698599420393845
demo_affect_life_cv,0.030567380781318595
school_cv,-0.030529394256677472
felt_lonely_cv,-0.03041381285127689
past_week_cope_cv___7,-0.02999829673299894
pet_identify_cv___6,-0.0298775034484203
child_fear_cv,0.029552421534770362
child_symptoms_cv___1,-0.029482358194454675
su_p_cig_loc_cv___2,0.02917612139068357
absent_reason_cv___4,0.02790920249267498
su_p_mj_smoke_loc_cv___2,0.027644397895300113
absent_reason_cv___2,0.02726951261006683
pstr_way_p_cv,-0.026822979243581953
fam_size_cv,0.026631978165195268
felt_angry_cv,-0.026483014866278253
su_p_cig_loc_cv___3,0.026474347901965484
su_p_vape_loc_cv___2,0.026359027566831266
child_avg_elec_time_cv,0.026174196410839557
ple_close_fam_cv,-0.02549098567678227
child_symptom_actions_cv___4,-0.025333940322181392
su_p_mj_smoke_loc_cv___5,0.025132367344866152
demo_touching_people_cv,-0.024953749536904934
demo_avoid_news,0.024692934213461686
child_care_impact_cv___5,-0.024556293401979214
prim_cv,0.02431900302365768
school_engage_cv___5,-0.024142954201243117
fam_member_relation_p_cv___6,0.024099130242679054
child_cosymptoms_cv___5,-0.023966557502327387
fam_actions_cv___9,-0.022908716792431564
su_p_vape_loc_cv___5,0.022826823109950985
demo_afraid_cv,0.022678318872356905
child_care_impact_cv___2,-0.02248219501888186
fam_member_relation_p_cv___5,0.02232119326911733
child_care_impact_cv___4,0.022182489193871585
screentime_wknd_typical_hr_cv,0.022145025401129392
child_symptom_actions_cv___1,-0.02186865098758609
separate_people_cv___4,-0.02142439046686199
extra_material_cv,-0.02065629107369442
child_cosymptoms_cv___3,-0.02012159702544963
su_p_mj_smoke_loc_cv___1,0.020055419426388395
fam_member_relation_p_cv___3,0.020004663402645003
graded_cv,0.01995901180747714
past_week_cope_cv___9,0.01916149310249124
parent_monitor_q3_y_cv,-0.018536599868948976
su_p_cig_loc_cv___5,0.01851928245400824
su_tobacco_cig_cv,0.01834487298518293
su_p_cig_loc_cv___888,-0.018039621724657003
su_mj_use_past_month_cv,0.017473871610168234
su_tobacco_chew_cv,0.01741474575497806
school_engage_cv___3,0.01733234094253019
child_past_risk_cv___3,-0.017101725243139947
fam_member_relation_p_cv___1,0.01705774054508012
mctq_fd_time_asleep_cv,0.017000025178460988
custody_cv,0.01675131923221813
child_tested_cv,0.016491485996897016
child_phys_activity_days_cv,-0.01616202940938095
screentime_14_wknd_hr_cv,0.015729567013087472
su_p_vape_loc_cv___4,0.01559076174465826
su_p_vape_loc_cv___1,0.015552890758472068
fam_actions_cv___2,-0.015431448944230942
child_news_time_cv,0.015279255054658356
su_p_vape_loc_cv___3,0.015136473353095302
screentime_wknd_hr_cv,0.0145089054999339
questionnaire_privacy_cv,0.014482227409274734
mctq_fd_min_to_get_up_cv,-0.014368741177284103
child_care_cv,0.01395630668357172
child_cosymptoms_cv___6,-0.013652975094081397
felt_alone_cv,-0.013604196828949703
increased_conflict_cv,-0.013518341922219632
past_week_cope_cv___1,-0.013009496320200214
child_phys_activity_min_cv,0.012927653655127755
demo_schoolwork_on_comp_cv,0.01289145836645409
child_symptom_actions_cv___5,0.01282626024376123
child_past_risk_cv___2,-0.01280652475286638
absent_reason_cv___3,0.012789455973756258
su_medication_cv,0.012648063360944478
child_covid_cv,0.012512385476468943
worry_y_cv,0.012307527395413544
su_p_mj_smoke_loc_cv___3,0.01226192654208601
child_cosymptoms_cv___1,-0.012245682675911742
su_p_mj_vape_loc_cv___5,0.011800907604750185
others_worry_y_cv,0.01169360636321827
child_past_risk_cv___4,-0.01162276020128525
child_symptoms_cv___3,0.01158366400553772
child_care_impact_cv___3,-0.011549103934404864
fam_actions_cv___3,0.01112076011730814
su_vape_nic_cv,0.011100661057585098
school_reopen_date_dk_cv,-0.011033462903032391
homework_time_cv,0.010281659046164552
p_life_changed_cv,-0.010247923079292677
pet_identify_cv___3,-0.010230322582010861
felt_cv,0.010227152686948593
child_cosymptoms_cv___2,-0.010196434183210795
absent_reason_cv___1,0.009794163667370959
parent_monitor_q4_y_cv,0.00940063738168871
fam_actions_cv___11,-0.009348955983770484
su_p_mj_vape_loc_cv___3,-0.00923489692810088
child_video_chat_min_cv,-0.008902096378276584
su_p_vape_loc_cv___888,-0.008157668955327897
percent_live_cv,-0.008086362966148246
child_breaking_rules_cv,-0.007587425622487032
su_meth_cv,0.007527103937372569
child_sched_cv,0.00707945195854251
child_texting_min_cv,-0.0070581255760717365
child_cosymptoms_cv___7,0.006808824220882941
parent_monitor_q1_y_cv,-0.0067157189623486295
sitting_weekday_hour_cv,-0.00653565086341215
su_p_mj_vape_loc_cv___4,0.006394628533607509
su_p_mj_vape_loc_cv___1,0.006341209344113822
su_p_mj_vape_loc_cv___2,-0.006239371531764939
felt_no_fun_cv,0.005810102294350271
fam_member_relation_p_cv___2,0.005673688708132209
separate_people_cv___8,0.004937036842673348
child_symptom_actions_cv___2,0.004927024094313173
su_liquids_cv,-0.004681748549488417
child_cosymptoms_cv___9,0.00465206039640266
demo_stayed_away_cv,-0.004485227596848655
screentime_cv,-0.004433006545154912
school_difficulty,-0.004307765530270138
fam_actions_cv___6,-0.0041219636090785
felt_life_went_wrong_cv,-0.0038780785652555347
fam_actions_cv___15,-0.003770395261283785
school_engage_cv___4,0.003398648749372062
child_fall_asleep_time_cv,-0.0029260442070537193
child_symptoms_cv___2,0.0028990943320406654
su_p_mj_smoke_loc_cv___888,-0.0025347174276594544
su_p_mj_vape_loc_cv___888,-0.0025347174276594544
pstr_overcome_p_cv,0.002261860304235697
child_cosymptoms_cv___8,0.00219112647641379
think_will_hospitalized_cv,0.001988579427013796
fam_actions_cv___12,-0.001932666395175408
school_engage_cv___1,0.0017338587962587744
su_smoked_tob_cig_cv,0.0014892154066776344
su_alcohol_cv,-0.0010883575836615378
child_symptoms_cv___4,-0.0007584582745144883
felt_always_sad,-0.000534662650035193
child_cosymptoms_cv___4,-0.0005142187529858605
pstr_unable_control_cv,-0.0005012596950630466
child_enjoy_cv,0.0004963657034792689
caregiver_help_cv,0.0002603830207603738
fam_member_relation_p_cv___4,0.0
