,5
screentime_10_wknd_hr_cv,-0.20743060516082062
pets_cv,-0.19337107904119086
child_gaming_time_cv,-0.17389388613963597
pet_identify_cv___1,-0.16382318692897194
extra_material_cv,0.15863113948739932
child_avg_elec_time_cv,-0.14978452064681802
screentime_9_wknd_hr_cv,-0.14579931669219584
screentime_wknd_hr_cv,-0.14243561380254
school_prep_cv,0.14075585352329756
child_sched_cv,0.12982633135972502
talk_social_distance_cv,0.12952277500475132
parent_monitor_q4_y_cv,0.1293833863441333
fam_exp7_v2_cv,0.12878351362615137
pet_identify_cv___2,-0.12738763285056579
talk_isolate_cv,0.12573716023627515
screentime_cv,0.1250207723605935
cv_p_select_language___1,-0.11891010202888116
homework_help_time_cv,0.11622869855410133
parent_monitor_q5_y_cv,0.11456134300867926
bedtime_routine_cv,0.11282462015079503
mctq_fd_time_asleep_cv,-0.1121069056256364
routine_cv,0.11068379722586606
fam_act_cv,0.11038216338727787
talk_race_cv,0.11012786796109401
worry_about_cv,-0.10992677252750986
fam_expose_cv,-0.10799400384189767
p_cope_cv___6,0.10784262352204396
talk_vuln_cv,0.10590521452590454
homework_time_cv,0.10588578011350219
past_week_cope_cv___6,0.10443415092433556
worry_y_cv,0.10309558175998153
mctq_fd_btime_cv,-0.09985223531596407
talk_cancel_cv,0.09804242793503737
screentime_7_wknd_hr_cv,-0.09711100263031816
screentime_wknd_typical_hr_cv,-0.09586821853290808
fam_exp6_cv,0.09568085866558924
demo_touching_people_cv,0.09523320247657838
p_cope_cv___3,0.09451889683469857
child_video_chat_min_cv,0.09318777346783326
p_worry_cv,0.09280444556613769
p_feeling_cv,0.09059649435362511
fam_actions_cv___7,0.09043321891585242
talk_symptoms_cv,0.08864396746693728
fam_exp3_cv,0.08809871464656834
fam_exp5_cv,0.08697952481596212
demo_touching_things_cv,0.08664937183323018
past_week_cope_cv___3,0.08663687488273948
talk_wash_cv,0.08633730642275934
pet_identify_cv___6,-0.08581012032041388
past_week_cope_cv___5,0.08320995193303486
reg_meals_cv,0.08154124503143087
talk_conserve_cv,0.07886287973270499
fam_actions_cv___8,0.07868995204423584
pet_identify_cv___5,-0.0768624512197039
child_serious_cv,0.07679490231359608
past_week_cope_cv___2,0.07603845548736708
mctq_fd_wake_up_time_cv,-0.07548096314583304
outdoor_act_cv,0.07330996501017163
past_week_cope_cv___1,0.07325121545920191
p_cope_cv___2,0.07239062470643694
p_cope_cv___4,0.07122552076882606
parent_monitor_q3_y_cv,0.07017299278847539
p_safety_cv,0.06856297612775308
get_coronavirus_cv,-0.06575225647673473
think_will_get_cv,-0.06568781238865504
percent_live_cv,0.06494026312350866
household_ability_cv,0.06489861371838207
prepared_child_cv,0.06363395825209622
p_cope_cv___8,0.06356580587574542
work_ability_cv,0.06324073041429056
child_phys_activity_min_cv,0.06228865260122401
p_cope_cv___7,0.06152297535840229
fam_actions_cv___5,0.06145473212050226
fam_actions_cv___9,0.060356018598423156
p_cope_cv___9,-0.060295544583760796
others_worry_y_cv,0.05843668335189347
mctq_schedule_time_cv,-0.05817011978438343
child_texting_min_cv,0.05735143680301703
child_worry_cv,0.05652226278861526
demo_stayed_away_cv,0.05618195394890269
p_cope_cv___5,0.05584119279323058
sitting_weekday_hour_cv,-0.055081460388685416
news_update_cv,0.054978968906555736
questionnaire_privacy_cv,-0.054255172007842904
demo_wash_hands_cv,0.054049505536023744
encouraged_cv,-0.05355113746490878
fam_actions_cv___4,0.053210030819450964
fam_wage_loss_cv,-0.053073020483231516
su_p_vape_loc_cv___4,-0.05183885072919084
pstr_way_p_cv,0.05161446516968141
past_week_cope_cv___4,0.05153479978304488
demo_wipes_cv,0.05090408520362186
absent_reason_cv___3,0.050873581818901045
absent_reason_cv___2,0.05058464266878789
past_week_cope_cv___7,0.049980921815759256
child_care_impact_cv___4,0.049979257804296025
fam_actions_cv___6,0.049957202561940806
mctq_fd_min_to_sleep_cv,0.04948851756828656
parent_monitor_q1_y_cv,0.04916553498822488
school_engage_cv___6,-0.04913175803169262
child_care_impact_cv___5,-0.049081847545539944
child_fall_asleep_time_cv,0.04836107827278239
relationships_w_family_cv,0.04777594165257946
p_life_changed_cv,0.04752175316460278
demo_mask_coverage_cv,0.04748972340017379
child_diag_asthma_cv,0.04650236007240427
school_engage_cv___2,0.04641694218393822
fam_actions_cv___3,0.04620777051716157
child_video_chat_time_cv,0.045778135603003325
su_p_vape_loc_cv___1,-0.045154586520537714
pet_identify_cv___4,-0.045063148640346426
child_fear_cv,0.04451346298291165
pet_identify_cv___3,-0.04444466473835421
su_p_vape_loc_cv___2,-0.04213412744181583
witness_rac_disc_cv,0.04186312387855624
absent_reason_cv___1,0.04176849909115536
child_social_media_min_cv,0.04103986153838883
tool_access_cv,-0.04080011087068163
su_p_vape_loc_cv___3,-0.040272306960229966
material_access_cv,-0.0399942014888441
coverage_cv,0.039825209455089584
custody_cv,-0.03841061170655709
child_news_source_cv,-0.03817991691784307
avoid_discussing_cv,0.037899694025127474
su_p_mj_smoke_loc_cv___4,-0.03771532513484831
p_enjoy_cv,0.03767329636670035
caregiver_cv,-0.03759197551794979
social_media_cv,0.03733684630915613
exp_rac_disc_cv,0.03731772584381435
school_difficulty,-0.03616230481964724
su_p_cig_loc_cv___1,-0.03606820924221958
su_p_cig_loc_cv___3,-0.035826776181427294
past_week_cope_cv___9,-0.03577447832818139
demo_hand_sanitizer_cv,0.03577179411638445
screentime_14_wknd_hr_cv,0.03526075833476187
child_avg_elec_min_cv,0.03491066234477821
ple_close_fam_cv,-0.03478973193754606
child_cosymptoms_cv___5,-0.03474509385695314
relationships_w_friends_cv,0.03473847722814204
child_care_impact_cv___3,0.03395194906623725
su_p_cig_loc_cv___4,-0.03332269096004361
child_social_media_time_cv,-0.03285011122189789
child_news_time_cv,0.032448551369411854
child_care_impact_cv___1,0.03156855848196188
internet_access_cv,-0.031491121524459556
separate_people_cv___4,0.03146810354248947
prim_cv,0.02988272035006217
pstr_confidence_p_cv,0.029547144902839703
su_p_vape_loc_cv___5,-0.029012134206299674
su_p_mj_smoke_loc_cv___3,-0.02894684794107775
separate_people_cv___7,-0.02847159972474375
demo_exercise_cv,0.028459379353970006
felt_unhappy_cv,0.028321370991643703
child_symptoms_cv___4,-0.028132549575123407
fam_actions_cv___14,-0.027902597185571393
child_phys_activity_days_cv,0.02739665513850764
demo_afraid_cv,0.026548486308708725
child_enjoy_cv,0.0258286405262754
felt_cv,-0.025686287372197636
child_symptoms_cv___1,-0.024730127415057812
child_texting_time_cv,-0.024723482352939023
fam_member_relation_p_cv___3,-0.0247074982107836
fam_actions_cv___13,0.0243098133415202
separate_people_cv___2,0.024249891457974123
fam_actions_cv___1,0.02392913377335334
child_past_risk_cv___3,-0.02359526967393221
think_someone_close_get_cv,-0.0234438988936081
school_nutrition_cv,-0.022169590420851124
mctq_fd_min_to_get_up_cv,0.022041652461961447
school_engage_cv___1,0.021931774750813263
child_past_risk_cv___1,-0.021574365172439935
child_frustrated_cv,-0.021438165773633614
fam_member_relation_p_cv___6,0.021324714921598074
fam_actions_cv___10,0.02131712210997523
screentime_12_wknd_hr_cv,-0.021291159896853727
pstr_unable_control_cv,0.021074503887178034
demo_stayed_indoors_cv,0.021066778242692177
child_symptoms_cv___3,0.021041736395949574
fam_member_relation_p_cv___2,-0.02048330324947377
separate_people_cv___1,-0.020029198326159257
mental_health_cv,0.020008472089698217
screentime_11_wknd_hr_cv,0.019934552029739483
su_p_cig_loc_cv___5,-0.019897729247396932
screentime_15_wknd_hr_cv,0.019852729956897075
su_p_cig_loc_cv___2,-0.01941196956649316
child_cosymptoms_cv___8,0.019268935294765966
child_tested_cv,0.019101670989174466
su_p_mj_smoke_loc_cv___5,0.019073477132932136
su_p_mj_smoke_loc_cv___1,-0.018978186977660294
child_cosymptoms_cv___1,-0.018613799198765487
child_care_cv,-0.01810102428533601
school_cv,0.017673212540759996
child_cosymptoms_cv___2,-0.017604478082258776
demo_affect_life_cv,-0.01728874799203864
past_week_cope_cv___8,0.01717917624182893
graded_cv,-0.017174501662967728
school_engage_cv___5,0.01696406706836995
child_sleep_amount_cv,0.016868475206872333
screentime_music_cv,0.01675238977424896
think_will_hospitalized_cv,-0.016645966849727318
felt_life_went_wrong_cv,-0.015780245277465074
fam_actions_cv___2,-0.014959708756929653
fam_exp2_cv,0.014512615633819562
physical_activities_hr_cv,0.0139889177883956
child_phys_activity_time_cv,0.01357489628242109
felt_sad_cv,0.013557027672160882
iep_cv,-0.013533344373846463
su_liquids_cv,0.013140056029416447
absent_reason_cv___4,-0.01298060465322615
child_symptom_actions_cv___2,-0.012790157092562706
mctq_fd_num_wake_up_cv,0.012781709751611987
child_cosymptoms_cv___9,0.01274061976113164
su_p_mj_smoke_loc_cv___2,-0.012718890782635845
su_medication_cv,0.012611898826774581
su_p_mj_vape_loc_cv___5,0.012482225632379973
school_close_cv,0.012448782386904726
money_cv,-0.012202256756663638
p_cope_cv___1,-0.012097665764521696
fam_actions_cv___15,-0.012045550537814106
child_symptoms_cv___2,-0.01151404721978188
child_cosymptoms_cv___4,0.011166269339184094
child_symptom_actions_cv___4,-0.011082189321710132
child_worried_about_cv,0.010777968999746857
su_p_mj_vape_loc_cv___1,-0.010683472481619157
demo_avoid_news,-0.010146212422167055
school_engage_cv___3,0.010138811818955665
fam_actions_cv___11,0.010054389797889458
su_p_mj_vape_loc_cv___4,-0.00931930340853191
su_tobacco_chew_cv,0.009061511143168851
child_care_impact_cv___2,-0.009032397996466409
fam_member_relation_p_cv___5,-0.009022233704077993
walk_10_min_per_day_cv,0.009018227691360558
felt_no_fun_cv,-0.008904785102523642
separate_people_cv___5,-0.008886523208855171
caregiver_help_cv,-0.008749816283127433
child_cosymptoms_cv___7,0.008590621033002495
assure_child_cv,-0.008074058335772644
su_tobacco_cig_cv,0.007841753791958216
su_p_vape_loc_cv___888,-0.007699954408738178
felt_always_sad,-0.0075326481971964435
su_vape_nic_cv,0.007385925239974228
avoid_talking_about_cv,0.007343388997924797
fam_exp4_cv,0.007224600276118703
fam_actions_cv___12,0.007130460384766855
separate_people_cv___3,-0.007090706164439267
school_engage_cv___4,0.0070512154416916125
child_cosymptoms_cv___3,-0.0067232944837365295
su_p_mj_vape_loc_cv___2,0.006715429822063708
child_gaming_min_cv,0.006629750190224309
child_covid_cv,0.006526154592542678
increased_conflict_cv,-0.006412439302732464
su_smoked_tob_cig_cv,0.006374074557534757
felt_alone_cv,-0.006154272432691143
child_symptom_actions_cv___5,0.0060410075842855385
child_symptom_actions_cv___1,0.005889833668728977
su_p_cig_loc_cv___888,-0.005813085604748023
fam_exp_racism_cv,0.00573833505634658
child_cosymptoms_cv___6,0.005136846168921798
social_media_platform_cv,-0.004426208283466873
su_p_mj_vape_loc_cv___3,-0.004413280487849235
fam_member_relation_p_cv___1,-0.003824925247437703
fam_exp1_cv,0.0038112095852893785
child_past_risk_cv___4,0.003693982378577918
child_separate_cv,-0.0035965486097855764
child_symptom_actions_cv___3,0.003287681054793482
school_reopen_date_dk_cv,0.0032533716963785153
su_meth_cv,-0.0029028695164753982
pstr_overcome_p_cv,0.0023782463681417507
separate_people_cv___6,-0.0020867459404973776
child_breaking_rules_cv,-0.0016502992167389712
felt_lonely_cv,0.0015946106341605932
felt_angry_cv,-0.0014295495796397715
su_mj_use_past_month_cv,0.0013277213008799544
su_p_mj_vape_loc_cv___888,-0.0009261021686282811
su_p_mj_smoke_loc_cv___888,-0.0009261021686282811
demo_schoolwork_on_comp_cv,0.0005979927043824473
su_alcohol_cv,-0.0005379724156236898
fam_size_cv,0.00047437173933574694
child_past_risk_cv___2,0.00042197853141563783
separate_people_cv___8,-0.0002520668454628983
fam_member_relation_p_cv___4,0.0
