,6
child_gaming_time_cv,0.1981827393198868
child_separate_cv,-0.18007635053421753
screentime_10_wknd_hr_cv,0.1721563799893077
separate_people_cv___5,-0.16825038861859953
mctq_fd_min_to_sleep_cv,-0.16373178734478405
cv_p_select_language___1,-0.15035917047041228
pstr_unable_control_cv,-0.1483143253118896
mctq_fd_min_to_get_up_cv,-0.14767918470937336
pstr_overcome_p_cv,-0.143077890431775
separate_people_cv___1,-0.1337198553024894
fam_exp7_v2_cv,0.13048959816118602
separate_people_cv___6,-0.1297805774562347
fam_exp1_cv,-0.12303367353576244
screentime_music_cv,-0.12097886245475022
screentime_cv,-0.1206545022100562
child_fear_cv,-0.120555298938222
screentime_9_wknd_hr_cv,0.11783446486944787
homework_help_time_cv,0.1168145641106068
separate_people_cv___2,-0.11679826233254802
child_enjoy_cv,-0.11226464017150808
child_news_source_cv,-0.11077896107258939
separate_people_cv___4,-0.11029018123964954
felt_sad_cv,-0.10877647401030414
child_phys_activity_days_cv,0.10606427188025117
child_worried_about_cv,-0.10559788677193399
felt_lonely_cv,-0.10441016892098513
felt_cv,-0.10295178640978898
fam_exp2_cv,-0.1003007251497004
homework_time_cv,0.10008120338303905
felt_always_sad,-0.09999575675167685
fam_wage_loss_cv,-0.09928193419489646
past_week_cope_cv___5,-0.09923651217330583
physical_activities_hr_cv,0.09809339275598607
child_fall_asleep_time_cv,-0.09728453412851963
felt_life_went_wrong_cv,-0.0969080066315538
pet_identify_cv___2,-0.0966018674702644
fam_exp4_cv,-0.09586920024132356
money_cv,-0.0950700163183096
child_care_impact_cv___5,0.09495849223631382
child_phys_activity_time_cv,0.09446216129294774
pets_cv,-0.09080572356523797
child_avg_elec_time_cv,0.08960309846214928
child_care_impact_cv___1,-0.08843496249400294
fam_actions_cv___10,-0.08758466886823184
felt_unhappy_cv,-0.08748173414299047
separate_people_cv___3,-0.08685480566513445
mctq_fd_num_wake_up_cv,-0.08684027477408766
fam_actions_cv___7,-0.08619910842884342
custody_cv,-0.08448366028355701
child_symptom_actions_cv___4,-0.08265322775121083
child_care_impact_cv___2,-0.08091518135658543
iep_cv,0.08091207204422422
felt_alone_cv,-0.08090822826394495
fam_actions_cv___8,-0.07637607207072228
caregiver_help_cv,-0.0756691720133396
news_update_cv,0.07485211239127053
child_diag_asthma_cv,0.07322482041612573
pet_identify_cv___5,-0.07198780665771921
fam_member_relation_p_cv___6,0.0718342950547439
think_will_hospitalized_cv,-0.0713283489870346
get_coronavirus_cv,-0.07105869917080553
absent_reason_cv___2,0.07101953219722569
past_week_cope_cv___3,-0.0704033498953416
think_someone_close_get_cv,-0.07024949108679615
talk_wash_cv,0.06708289921065799
felt_angry_cv,-0.06623293684299074
child_cosymptoms_cv___2,-0.06475184058978135
pet_identify_cv___1,-0.06411709367661124
think_will_get_cv,-0.062326918144540853
coverage_cv,0.061086137265364535
felt_no_fun_cv,-0.06091132097147131
fam_exp3_cv,-0.06010969934369812
mental_health_cv,0.05991196971719208
child_cosymptoms_cv___5,-0.05987386645394269
others_worry_y_cv,-0.059872608957995614
child_cosymptoms_cv___1,-0.05964765447210874
worry_y_cv,-0.05843828916590291
child_cosymptoms_cv___3,-0.05799110518800266
prim_cv,0.05753030005664571
past_week_cope_cv___7,-0.057186556143898656
past_week_cope_cv___9,0.057048945266906036
child_texting_time_cv,0.056523512543680175
separate_people_cv___7,-0.05652193158604337
fam_actions_cv___14,-0.056471028990262545
exp_rac_disc_cv,0.05593860542291334
walk_10_min_per_day_cv,0.0550420256739523
p_cope_cv___2,0.05490552106338939
child_frustrated_cv,-0.054716307765711555
fam_actions_cv___9,-0.054610891064368006
pet_identify_cv___3,-0.0539575384191314
child_symptoms_cv___1,-0.053256456153368305
fam_actions_cv___4,-0.05304371799324608
demo_hand_sanitizer_cv,0.052711680883892185
child_symptoms_cv___2,-0.05170066818945853
demo_afraid_cv,-0.050850636843503924
pstr_way_p_cv,0.04991504237167788
fam_actions_cv___13,-0.049904513693710385
demo_stayed_away_cv,-0.04949915679614895
screentime_7_wknd_hr_cv,-0.04927316261438877
routine_cv,0.04906442871755538
screentime_12_wknd_hr_cv,-0.04838192221222079
child_care_impact_cv___3,-0.04821186512974806
screentime_wknd_typical_hr_cv,0.048054075941419354
talk_conserve_cv,-0.0474167768717387
caregiver_cv,-0.047175504671040445
su_p_mj_smoke_loc_cv___888,-0.04711075442036718
su_p_mj_vape_loc_cv___888,-0.04711075442036718
child_worry_cv,-0.04615589865552171
su_p_mj_smoke_loc_cv___1,-0.04601994026751716
school_close_cv,-0.04562418154580367
past_week_cope_cv___1,-0.04465362660726066
su_p_mj_vape_loc_cv___1,-0.04451290391623286
outdoor_act_cv,0.044380237843408984
absent_reason_cv___4,0.04407611711768592
child_sched_cv,0.043971002249329476
fam_actions_cv___11,-0.043875168431376045
fam_actions_cv___3,-0.0435420706817498
child_past_risk_cv___4,-0.04257322209675788
su_vape_nic_cv,-0.042287269619702125
relationships_w_family_cv,0.04202682905943511
screentime_15_wknd_hr_cv,-0.04197919328269247
separate_people_cv___8,-0.041643773668370195
past_week_cope_cv___8,-0.04085747279549797
percent_live_cv,0.04057221409079111
su_p_mj_smoke_loc_cv___3,-0.04023276925957934
demo_exercise_cv,0.039531372450032236
fam_actions_cv___12,-0.03913853283649631
mctq_schedule_time_cv,-0.03906765164033729
fam_member_relation_p_cv___3,-0.03882811292891879
relationships_w_friends_cv,0.03845370149521097
su_p_vape_loc_cv___1,-0.03833608304981402
talk_social_distance_cv,0.03817932135601561
p_life_changed_cv,-0.03816842367771889
child_past_risk_cv___3,-0.037946616871098564
increased_conflict_cv,-0.03791348419827676
fam_size_cv,-0.03761773902327409
demo_avoid_news,-0.037288039374053124
fam_exp5_cv,0.03628583154225332
fam_actions_cv___6,-0.03474149925364074
p_feeling_cv,-0.03472289765969575
past_week_cope_cv___6,-0.03444592894793151
school_engage_cv___1,0.03411671127713008
child_gaming_min_cv,0.03381001926207649
mctq_fd_btime_cv,0.0332116364237139
past_week_cope_cv___4,-0.03314848030919383
demo_affect_life_cv,-0.032521308221651626
reg_meals_cv,0.032477031795669645
p_cope_cv___1,-0.031745752474886334
su_p_mj_smoke_loc_cv___4,-0.03162839473011655
child_news_time_cv,0.03125133811723733
worry_about_cv,-0.031230202507572365
su_p_vape_loc_cv___3,-0.03092420957865436
screentime_14_wknd_hr_cv,-0.03089299002257352
child_symptoms_cv___4,0.03059147876092051
parent_monitor_q4_y_cv,0.03050632523630199
fam_member_relation_p_cv___5,-0.029818252302121397
su_p_mj_smoke_loc_cv___2,-0.0297298435941317
p_worry_cv,-0.02964528654032836
social_media_cv,0.029079767598340037
p_cope_cv___7,0.02850125143022302
school_engage_cv___5,0.028128374589050674
fam_actions_cv___5,-0.027833091660247097
child_care_cv,-0.027823436475334636
child_breaking_rules_cv,0.027521119921151287
bedtime_routine_cv,0.02706803049758155
child_cosymptoms_cv___6,-0.027006013911525295
avoid_talking_about_cv,0.026766249183991255
fam_exp_racism_cv,-0.026725298287324332
child_serious_cv,-0.026610517774770914
p_cope_cv___9,-0.026580580671486016
ple_close_fam_cv,0.02593156499115944
school_nutrition_cv,-0.025917424933969275
pstr_confidence_p_cv,0.02526558400916805
child_symptom_actions_cv___3,-0.025182475353720122
p_enjoy_cv,0.0251198767997075
child_covid_cv,0.02456554097912874
su_p_mj_vape_loc_cv___4,-0.023737001832596322
screentime_11_wknd_hr_cv,-0.023537354540462123
fam_actions_cv___15,-0.02338260424316701
fam_member_relation_p_cv___2,-0.023190059914647208
pet_identify_cv___6,-0.02309237172117741
fam_expose_cv,0.022273328870296778
su_alcohol_cv,-0.0214426124316266
school_engage_cv___6,-0.020972428344979577
avoid_discussing_cv,0.020484701220422383
prepared_child_cv,-0.020414212923249807
child_cosymptoms_cv___4,-0.019995618913477144
child_video_chat_min_cv,-0.019604833132652672
child_video_chat_time_cv,0.01931472183330167
internet_access_cv,-0.018762068873356613
fam_actions_cv___2,-0.017807966024357347
school_engage_cv___4,0.016815694774678848
su_p_vape_loc_cv___888,0.016757125055744435
child_sleep_amount_cv,0.01636491554647486
tool_access_cv,-0.015644177741926276
child_cosymptoms_cv___8,-0.015560804303385807
absent_reason_cv___1,0.015534696702672116
su_smoked_tob_cig_cv,-0.015250906251854811
child_cosymptoms_cv___9,0.015170564323099198
su_tobacco_cig_cv,0.014950974689380492
extra_material_cv,0.01485516354463702
talk_symptoms_cv,0.014830687458156777
demo_wash_hands_cv,0.01481936047944588
child_symptoms_cv___3,0.014719287010396431
fam_actions_cv___1,-0.014434879716202796
talk_vuln_cv,0.01436041852852878
child_phys_activity_min_cv,-0.014268966335663486
household_ability_cv,0.014149073392832778
child_symptom_actions_cv___1,0.014108017940448078
su_liquids_cv,0.013931106110775424
demo_touching_people_cv,0.013897960821116226
su_p_cig_loc_cv___888,0.013698274818997472
parent_monitor_q5_y_cv,-0.013626926338451723
talk_cancel_cv,-0.013517670738404246
mctq_fd_time_asleep_cv,0.013405881564871608
material_access_cv,-0.01338292946669801
su_meth_cv,0.013330380648761036
school_cv,-0.013194708693581116
su_p_vape_loc_cv___2,-0.01296449489289604
demo_schoolwork_on_comp_cv,-0.012959107562209462
social_media_platform_cv,-0.012512223922691159
talk_isolate_cv,-0.012453665579188231
su_mj_use_past_month_cv,-0.012057798988063348
demo_touching_things_cv,0.01179459466971696
su_p_vape_loc_cv___5,-0.011773179965399599
child_past_risk_cv___2,-0.01148930933682191
questionnaire_privacy_cv,0.011343770679023275
su_p_mj_vape_loc_cv___2,-0.011069303031317231
fam_member_relation_p_cv___1,-0.010166522473919703
child_cosymptoms_cv___7,-0.010072906863153175
fam_exp6_cv,0.00967764564855244
child_avg_elec_min_cv,-0.00955606568165331
assure_child_cv,-0.00950011601976206
encouraged_cv,-0.00936872559574468
school_difficulty,0.00915889605762493
demo_stayed_indoors_cv,0.009082583794841536
su_p_cig_loc_cv___1,-0.009012478623425208
work_ability_cv,0.008786835531529123
child_tested_cv,0.00873973388184706
su_p_mj_vape_loc_cv___3,-0.008615683187359481
school_engage_cv___2,0.008539417576062679
past_week_cope_cv___2,0.00835651409693228
p_cope_cv___3,-0.007853345133879969
screentime_wknd_hr_cv,-0.007379426046754716
p_cope_cv___5,-0.007352857094977132
absent_reason_cv___3,0.007126025947591519
mctq_fd_wake_up_time_cv,0.006691564555412546
su_p_cig_loc_cv___3,0.006595386370197889
su_p_vape_loc_cv___4,-0.006471336839166912
talk_race_cv,-0.006288287280515415
su_medication_cv,-0.0061269590805511495
child_symptom_actions_cv___2,0.006104015895946999
p_cope_cv___8,-0.005736732380272947
p_safety_cv,-0.005209592294898891
child_social_media_min_cv,0.005042995482324282
demo_mask_coverage_cv,0.005021379416956118
parent_monitor_q1_y_cv,-0.004982182654979672
child_symptom_actions_cv___5,-0.004863101835123549
witness_rac_disc_cv,-0.004827791702513264
school_reopen_date_dk_cv,0.0048165591169475955
fam_act_cv,0.004613033666649336
p_cope_cv___4,0.003927275406436196
graded_cv,-0.003858331786579691
school_prep_cv,0.003565158326975435
p_cope_cv___6,-0.0030376582927447928
su_p_cig_loc_cv___5,-0.0029198453943400696
school_engage_cv___3,0.002762090867775635
sitting_weekday_hour_cv,0.002709833364706473
su_p_cig_loc_cv___2,-0.002495337054300912
pet_identify_cv___4,0.002338838858016496
parent_monitor_q3_y_cv,0.002297141768923324
child_past_risk_cv___1,-0.0021662995990698658
demo_wipes_cv,0.0017878422093594048
su_p_cig_loc_cv___4,-0.0017328943585164303
su_p_mj_smoke_loc_cv___5,0.0017071534506658487
su_p_mj_vape_loc_cv___5,0.0010290553759027862
su_tobacco_chew_cv,0.0008501081759379484
child_texting_min_cv,-0.0006485042623366767
child_social_media_time_cv,0.0004175853744608662
child_care_impact_cv___4,-3.954321419952329e-05
fam_member_relation_p_cv___4,0.0
