,3
fam_size_cv,-0.3232752379603687
child_fall_asleep_time_cv,-0.1693275002273506
household_ability_cv,-0.16239886124517594
school_nutrition_cv,-0.15346703828969052
cv_p_select_language___1,0.15339446094904916
social_media_platform_cv,-0.14968641274120148
screentime_wknd_typical_hr_cv,0.14731583012104726
fam_actions_cv___3,0.14600721077971832
questionnaire_privacy_cv,-0.14577368368971175
homework_help_time_cv,-0.1387099584155376
school_difficulty,-0.1381799566648627
percent_live_cv,-0.13678694085047924
screentime_12_wknd_hr_cv,0.1294188965554701
iep_cv,-0.12480271478441418
assure_child_cv,-0.12359162712643247
past_week_cope_cv___8,0.11884689870538777
fam_actions_cv___5,0.11880184108235622
fam_actions_cv___4,0.11240272331670817
mctq_fd_num_wake_up_cv,-0.11195674883073559
fam_exp7_v2_cv,0.10978370243072313
worry_about_cv,-0.10701136069576385
fam_expose_cv,-0.1066758519553142
screentime_wknd_hr_cv,0.10611904616754805
encouraged_cv,-0.10589626472653373
mctq_fd_btime_cv,0.10486772823219319
p_worry_cv,0.10472669276073605
demo_avoid_news,-0.10464076832859594
mctq_fd_time_asleep_cv,0.10347893097147065
mctq_fd_min_to_sleep_cv,-0.10040728651590286
fam_exp6_cv,-0.09704698200629056
pet_identify_cv___6,-0.09663865762693842
child_news_source_cv,-0.09516639862279544
screentime_14_wknd_hr_cv,0.09380286245078527
fam_actions_cv___6,0.09324459604034935
fam_actions_cv___10,0.09101837630484638
fam_exp_racism_cv,0.08810240851320277
fam_act_cv,-0.08801591312904249
child_phys_activity_time_cv,-0.08634278997380744
separate_people_cv___4,-0.08480050056955975
tool_access_cv,0.08368156557032003
fam_exp3_cv,-0.08357343503687746
custody_cv,0.08046542933318242
talk_social_distance_cv,0.08011179726342432
p_life_changed_cv,0.07833185706849445
child_sleep_amount_cv,-0.07809988567915079
fam_exp5_cv,-0.07578776732892069
demo_touching_people_cv,0.07284402696820634
relationships_w_family_cv,-0.07275793538727884
fam_actions_cv___9,0.0724925238414415
school_cv,-0.07219324039572671
demo_mask_coverage_cv,0.07174002667374856
school_engage_cv___3,0.07130272338555406
child_social_media_min_cv,0.07041388402613413
school_engage_cv___4,0.06986356799470891
child_avg_elec_time_cv,0.06982463886407456
pet_identify_cv___5,-0.06924983000645817
work_ability_cv,-0.06920971823110492
p_cope_cv___5,-0.06846284386022389
child_frustrated_cv,-0.06693446849902308
past_week_cope_cv___9,-0.06690876373540068
child_phys_activity_days_cv,-0.06661960335623013
absent_reason_cv___4,-0.06641856570166142
fam_exp2_cv,-0.06487670357818036
talk_isolate_cv,0.06320799451428069
separate_people_cv___6,-0.06278993667835463
fam_actions_cv___12,0.06264933424158789
fam_actions_cv___11,0.06195845847687845
fam_actions_cv___7,0.06151227464459609
su_alcohol_cv,0.06053078526852113
demo_schoolwork_on_comp_cv,0.06006385341447888
p_cope_cv___2,-0.05991155136649082
fam_member_relation_p_cv___6,-0.05990894213569584
p_safety_cv,0.0591988215707249
p_enjoy_cv,-0.05899086712984432
pet_identify_cv___4,-0.058737257763300355
child_sched_cv,-0.05849934464085735
fam_exp4_cv,-0.0574701585688312
screentime_9_wknd_hr_cv,-0.057300337158309206
bedtime_routine_cv,0.05664996435092209
demo_wipes_cv,0.0563954479500961
money_cv,-0.05616360348991029
talk_race_cv,0.055670183842518775
school_engage_cv___1,0.05527777374651602
su_p_cig_loc_cv___2,-0.05371141852297973
past_week_cope_cv___2,-0.05316605478227334
routine_cv,0.05285266770510326
child_diag_asthma_cv,-0.052737710378636324
separate_people_cv___2,-0.05257414259879991
avoid_discussing_cv,-0.05251218169743397
fam_actions_cv___8,0.052460148163850126
caregiver_cv,-0.051553135989003976
ple_close_fam_cv,0.051487083999035614
screentime_10_wknd_hr_cv,0.051415700663666145
outdoor_act_cv,-0.05136312665968417
su_p_cig_loc_cv___4,-0.05100859670490722
graded_cv,-0.050766951489853974
child_care_impact_cv___3,-0.050302786907898425
child_care_impact_cv___2,0.04942149015147509
child_phys_activity_min_cv,-0.04902439291670089
homework_time_cv,-0.04861419227759509
child_fear_cv,-0.047741699142500475
prim_cv,0.04761168455430978
su_mj_use_past_month_cv,0.04734898031998404
p_cope_cv___8,0.04703776632555453
worry_y_cv,0.04688951028966317
screentime_11_wknd_hr_cv,0.046408909299644925
screentime_cv,-0.045939431966985154
p_cope_cv___6,0.0448889286915776
talk_symptoms_cv,0.04473826410336733
demo_touching_things_cv,0.04458281398994088
child_enjoy_cv,-0.04456609544033573
reg_meals_cv,-0.043952008688488246
demo_exercise_cv,-0.04293654908019674
demo_hand_sanitizer_cv,0.04253361933971441
talk_vuln_cv,0.041915951409790556
mctq_fd_wake_up_time_cv,0.04146786327943484
child_worried_about_cv,0.041442423765803
su_p_cig_loc_cv___3,-0.0414242951668691
internet_access_cv,0.04138097048595285
child_texting_min_cv,0.04089948337167377
child_symptoms_cv___3,-0.03989281468068448
parent_monitor_q5_y_cv,-0.03972856550410053
think_will_hospitalized_cv,0.03953949116496632
social_media_cv,0.03941188080380853
su_liquids_cv,-0.03937724523400564
child_tested_cv,0.03896055463849845
fam_actions_cv___1,0.03892664038977218
child_social_media_time_cv,0.03831692839663987
mental_health_cv,-0.03830759891225835
child_separate_cv,-0.03809737999364616
school_close_cv,-0.037822790929168584
demo_stayed_indoors_cv,-0.03765996454308663
su_p_cig_loc_cv___5,-0.036882060113663115
child_serious_cv,0.036838051226089186
separate_people_cv___5,-0.03650326732208324
past_week_cope_cv___1,0.03649271274511797
school_prep_cv,0.03626785121587147
child_gaming_min_cv,0.035837209371845466
child_avg_elec_min_cv,-0.03573807069402772
child_covid_cv,-0.03522254512347993
others_worry_y_cv,0.033515654549824324
separate_people_cv___8,-0.033068242154712844
pstr_overcome_p_cv,-0.03285129017903779
fam_actions_cv___14,-0.03241431475027498
pet_identify_cv___3,-0.03198912587704675
fam_actions_cv___2,0.03188028068370678
child_news_time_cv,-0.03159954491184106
p_cope_cv___4,0.031504848015949966
talk_wash_cv,0.031240578915469754
talk_cancel_cv,0.031066585240792106
child_cosymptoms_cv___9,-0.02982179037668076
past_week_cope_cv___4,0.029636605396281112
pets_cv,0.028350701574751776
fam_exp1_cv,-0.028065649987146644
extra_material_cv,-0.027435406062329772
su_vape_nic_cv,0.027196797774538605
news_update_cv,-0.02686125416806389
exp_rac_disc_cv,-0.026840527990632416
su_p_mj_smoke_loc_cv___5,-0.026173831608487477
avoid_talking_about_cv,-0.025914287423401683
material_access_cv,-0.025639261902106768
demo_afraid_cv,-0.025237707782207675
su_p_mj_smoke_loc_cv___3,0.025094313774825815
child_past_risk_cv___3,0.02505182990768977
child_care_impact_cv___1,0.024935172487747258
su_p_mj_smoke_loc_cv___888,0.0246056188345184
su_p_mj_vape_loc_cv___888,0.0246056188345184
absent_reason_cv___2,-0.02415901140671645
witness_rac_disc_cv,0.02406475720023769
fam_member_relation_p_cv___5,0.02383014465634697
su_medication_cv,-0.02376381737605757
parent_monitor_q3_y_cv,0.02344934425354594
child_past_risk_cv___4,-0.023083077217090364
su_p_vape_loc_cv___888,-0.023045304427991124
su_p_vape_loc_cv___5,-0.022705093672823803
child_care_impact_cv___4,-0.022675854253920137
child_gaming_time_cv,0.022654615530498058
su_p_vape_loc_cv___3,-0.022345544916816812
pet_identify_cv___1,0.021834847029052022
think_will_get_cv,-0.021299749976916478
fam_member_relation_p_cv___3,0.021183853991358772
su_p_mj_vape_loc_cv___4,-0.02100154397203641
su_p_vape_loc_cv___4,-0.020975994702125366
child_symptom_actions_cv___3,-0.020895698096845744
p_cope_cv___1,0.020471382679534057
su_p_vape_loc_cv___2,-0.02027121963583925
mctq_fd_min_to_get_up_cv,0.019809852305856045
child_symptoms_cv___2,-0.0193617531567558
felt_always_sad,0.019315549269578052
school_reopen_date_dk_cv,0.019086688257992535
su_p_mj_vape_loc_cv___2,-0.018578007066183976
caregiver_help_cv,-0.018532935069990052
child_cosymptoms_cv___7,0.018243064597820033
fam_member_relation_p_cv___2,0.017498526104116206
sitting_weekday_hour_cv,-0.01747808093209293
child_care_impact_cv___5,-0.017017320512490428
child_past_risk_cv___2,-0.01685120401269225
fam_actions_cv___13,0.01680672654649264
demo_wash_hands_cv,-0.016240863486804067
screentime_7_wknd_hr_cv,-0.0160723643315408
absent_reason_cv___1,0.015934279360931586
school_engage_cv___6,0.015886358452906486
su_p_mj_smoke_loc_cv___4,0.01576191452120818
child_video_chat_min_cv,0.015740139878714796
mctq_schedule_time_cv,0.015421666340520225
past_week_cope_cv___7,0.01502108978755312
child_past_risk_cv___1,0.014706179275967011
get_coronavirus_cv,-0.01443257339327437
p_cope_cv___9,-0.014412037171813753
fam_actions_cv___15,0.014304654582117524
felt_sad_cv,0.014174063169541702
past_week_cope_cv___6,0.01392059739225978
talk_conserve_cv,0.013729831805911624
felt_angry_cv,0.013537391628815345
demo_stayed_away_cv,0.013429893706091765
child_care_cv,0.013338630728409543
su_p_mj_vape_loc_cv___1,0.013273462656719562
walk_10_min_per_day_cv,0.012900697757181381
p_cope_cv___7,0.012783294221409943
su_p_cig_loc_cv___1,-0.012571514317409903
child_symptom_actions_cv___5,-0.012543282700940558
su_tobacco_chew_cv,-0.012497965696118475
child_symptoms_cv___4,0.01244501468153458
p_feeling_cv,-0.012371759488844945
su_tobacco_cig_cv,0.012241632714344844
coverage_cv,0.012001425283976809
screentime_music_cv,-0.010856863088179078
su_p_mj_smoke_loc_cv___2,-0.010855363000484588
felt_lonely_cv,0.010468281495669035
felt_unhappy_cv,-0.009893850942125608
think_someone_close_get_cv,0.009820436926560507
parent_monitor_q1_y_cv,0.009685362674593865
su_p_cig_loc_cv___888,-0.009469959744405067
pstr_way_p_cv,-0.009409245724764401
su_meth_cv,-0.009150180597952907
child_symptoms_cv___1,0.009091136470290178
separate_people_cv___1,0.008827083663169463
su_smoked_tob_cig_cv,0.008697223924267387
child_breaking_rules_cv,0.008570448263270894
su_p_vape_loc_cv___1,-0.00793764679811994
pstr_unable_control_cv,-0.007812767694779343
felt_cv,0.007745100275567761
pet_identify_cv___2,-0.007107140899442556
child_worry_cv,0.00695486622522066
pstr_confidence_p_cv,0.006661274498290096
child_cosymptoms_cv___4,-0.006625946673014711
child_symptom_actions_cv___1,-0.006589642217024296
child_symptom_actions_cv___2,-0.006546030334238873
relationships_w_friends_cv,-0.006364907666544115
fam_member_relation_p_cv___1,0.006315128821099174
physical_activities_hr_cv,-0.006292635872781944
child_cosymptoms_cv___6,0.005831254343385307
child_cosymptoms_cv___3,-0.005664410176857564
prepared_child_cv,0.005495358659370706
separate_people_cv___3,-0.0054467795679887234
felt_alone_cv,0.005307937819496941
felt_no_fun_cv,0.005018825413373931
past_week_cope_cv___3,-0.005008498233209659
p_cope_cv___3,0.0047631762517052695
child_cosymptoms_cv___8,-0.004724392943496656
past_week_cope_cv___5,-0.004686592818518935
child_symptom_actions_cv___4,-0.004502837653904219
increased_conflict_cv,0.00443207632711657
parent_monitor_q4_y_cv,-0.004284415723652651
su_p_mj_vape_loc_cv___5,0.004168863270009718
su_p_mj_vape_loc_cv___3,0.004101368091438119
child_cosymptoms_cv___2,0.004080682125265727
separate_people_cv___7,-0.003614099092403753
child_texting_time_cv,0.0031946356524621537
fam_wage_loss_cv,0.0031495354655355448
felt_life_went_wrong_cv,0.00299187213597942
child_cosymptoms_cv___5,0.002893468637557205
demo_affect_life_cv,-0.002394254720040492
absent_reason_cv___3,-0.0015986933925241972
su_p_mj_smoke_loc_cv___1,-0.0015217256765378564
screentime_15_wknd_hr_cv,0.0013936920259848234
child_cosymptoms_cv___1,0.0012628562296891947
school_engage_cv___2,0.0011466860717109654
child_video_chat_time_cv,0.0010925765002318772
school_engage_cv___5,-0.00019374642827707178
fam_member_relation_p_cv___4,0.0
