,2
cv_p_select_language___1,-0.30111637845754846
fam_size_cv,-0.2261955909790007
child_care_impact_cv___3,0.1599274745475432
worry_about_cv,-0.15813255254879605
child_fall_asleep_time_cv,0.15782971583373046
iep_cv,0.14713140556242055
school_difficulty,0.1428480941630684
work_ability_cv,0.1423613413679674
child_diag_asthma_cv,0.13557987585375825
household_ability_cv,0.13061516147700108
percent_live_cv,-0.12701291438755802
prim_cv,0.12248368085561402
child_sleep_amount_cv,0.1215706153842522
fam_actions_cv___7,-0.12118849673142404
encouraged_cv,-0.12037916538643585
caregiver_cv,-0.12034648024856888
mctq_fd_min_to_sleep_cv,0.11591430040854556
homework_help_time_cv,0.11468874450549993
child_texting_time_cv,0.11397473894359746
school_prep_cv,-0.11219797959726031
child_avg_elec_time_cv,0.11168313844617116
fam_actions_cv___8,-0.1114653323071225
p_worry_cv,0.10205598007107884
child_care_impact_cv___5,-0.10059624487318632
homework_time_cv,0.09895475337067551
child_video_chat_time_cv,0.09840878360253366
screentime_11_wknd_hr_cv,0.09819459966042388
assure_child_cv,-0.09685091868635202
fam_wage_loss_cv,-0.09194243147282449
child_enjoy_cv,0.09188970208546347
fam_member_relation_p_cv___3,-0.09021796288741314
mctq_fd_time_asleep_cv,0.09013811055294155
p_life_changed_cv,0.08951011690057935
fam_actions_cv___10,-0.08949437266595484
fam_actions_cv___14,-0.08759480706763026
mctq_fd_btime_cv,0.0870985617617951
talk_conserve_cv,-0.08629188562045535
tool_access_cv,-0.08463411415162783
witness_rac_disc_cv,0.08396512036043909
child_cosymptoms_cv___8,0.08336654450550085
ple_close_fam_cv,-0.0827323177326775
exp_rac_disc_cv,0.08272370870558308
pet_identify_cv___2,0.08163056474881447
fam_actions_cv___1,0.07987790138607398
screentime_15_wknd_hr_cv,0.07856500125217523
child_fear_cv,0.07830717463248953
child_care_cv,-0.07821456684673173
internet_access_cv,-0.07802364018889299
p_enjoy_cv,-0.07801944357507372
separate_people_cv___5,0.07698120058048614
screentime_14_wknd_hr_cv,0.07673525316732038
child_social_media_time_cv,0.07659085440708852
child_separate_cv,0.07564199390033065
child_cosymptoms_cv___4,0.07344301464626798
fam_actions_cv___3,0.07339304166476814
p_safety_cv,0.07233174583370258
child_gaming_time_cv,0.07052821968523991
screentime_wknd_hr_cv,0.06991468965994861
screentime_12_wknd_hr_cv,0.06985186950282384
screentime_wknd_typical_hr_cv,0.06981222859500254
outdoor_act_cv,-0.06980154347926898
fam_exp6_cv,0.06956139535751679
past_week_cope_cv___4,-0.06766089237983094
fam_exp1_cv,-0.06752317423351517
screentime_9_wknd_hr_cv,0.06622986056026135
su_p_cig_loc_cv___3,0.06577702115780479
fam_exp5_cv,0.06413672145812177
su_p_cig_loc_cv___4,0.06363362150713335
fam_act_cv,-0.06293935860949745
past_week_cope_cv___6,-0.0622097073022572
pets_cv,0.060474557389185196
reg_meals_cv,-0.06046886486057826
su_p_mj_smoke_loc_cv___4,0.06038744269968184
worry_y_cv,0.05877042543799866
su_p_mj_smoke_loc_cv___2,0.05864080621330963
increased_conflict_cv,0.058008568263558304
child_symptoms_cv___3,0.05774210067578348
mctq_fd_wake_up_time_cv,0.05729199260413729
mctq_fd_min_to_get_up_cv,0.05616072586752416
su_p_cig_loc_cv___2,0.05615614929144463
separate_people_cv___2,0.055702459541084666
sitting_weekday_hour_cv,0.05556789350836781
custody_cv,0.055066373991283675
child_tested_cv,0.05489583844216295
su_p_vape_loc_cv___888,0.05418030908911991
pstr_unable_control_cv,0.05414931153520086
child_breaking_rules_cv,0.05284529940232174
fam_actions_cv___2,0.05239412556334743
physical_activities_hr_cv,-0.051781123919299864
pstr_overcome_p_cv,0.05155555274365313
parent_monitor_q5_y_cv,-0.05109647047551513
child_care_impact_cv___2,0.050853215053519994
fam_member_relation_p_cv___6,0.05076063537418052
separate_people_cv___3,0.05049187979104153
others_worry_y_cv,0.05042100151746877
separate_people_cv___6,0.049312916280958324
fam_member_relation_p_cv___1,-0.04867548375048505
screentime_10_wknd_hr_cv,0.0484459192129748
talk_cancel_cv,-0.0481869422763549
child_past_risk_cv___4,0.04719197176886087
school_nutrition_cv,-0.046766395699914184
fam_actions_cv___5,0.0466703032270777
screentime_music_cv,0.04636963936745071
child_symptoms_cv___2,0.04617837849062146
su_p_mj_smoke_loc_cv___5,0.0456553804778738
screentime_7_wknd_hr_cv,0.04501368628097444
p_cope_cv___8,0.0447765364654342
absent_reason_cv___2,0.0442218321655552
child_serious_cv,0.043786501142748964
su_p_mj_vape_loc_cv___2,0.0425951215106921
fam_exp2_cv,-0.04174020137971905
separate_people_cv___1,0.04171033519274003
fam_actions_cv___9,-0.041439853001394994
fam_actions_cv___11,0.04132522760077935
mctq_fd_num_wake_up_cv,0.04039048574132792
demo_afraid_cv,0.0397008321540058
su_p_mj_vape_loc_cv___4,0.039137587631140974
talk_vuln_cv,-0.038922155619112164
past_week_cope_cv___7,-0.03887187653615264
child_past_risk_cv___2,0.038861388914703504
pet_identify_cv___4,0.03876752277386586
su_p_cig_loc_cv___888,0.03845023035554726
p_cope_cv___9,-0.03794573097526464
walk_10_min_per_day_cv,-0.03778420252417837
coverage_cv,0.037541769065767214
talk_symptoms_cv,-0.037375849716216214
past_week_cope_cv___3,-0.03737334470569209
past_week_cope_cv___5,-0.03724336396380528
p_feeling_cv,0.03718763610853401
past_week_cope_cv___9,0.037145429717816106
demo_exercise_cv,-0.03707239740952608
child_past_risk_cv___1,-0.037000908255923684
child_cosymptoms_cv___2,0.03682970400232054
child_symptom_actions_cv___5,0.03673768661226463
demo_wipes_cv,-0.03630405838032772
child_symptom_actions_cv___2,0.03587833289462987
separate_people_cv___8,0.03579127049015278
fam_actions_cv___12,0.03544442277158714
school_cv,-0.035364045019262776
fam_exp4_cv,-0.035194299053881925
child_phys_activity_time_cv,0.034106847278155404
pet_identify_cv___6,0.033653053097261264
su_p_cig_loc_cv___5,0.033175443718495165
child_cosymptoms_cv___1,0.03287413131332917
su_vape_nic_cv,0.032829611544370266
child_cosymptoms_cv___6,0.032390584027899905
get_coronavirus_cv,-0.03227810256702376
questionnaire_privacy_cv,-0.03227139455758487
separate_people_cv___4,0.03221439552076242
bedtime_routine_cv,-0.03186482796130716
p_cope_cv___3,0.031020415546834535
pstr_confidence_p_cv,-0.030548008264960288
relationships_w_family_cv,-0.030482600816491772
su_p_mj_vape_loc_cv___888,0.030453901441128497
su_p_mj_smoke_loc_cv___888,0.030453901441128497
su_p_vape_loc_cv___3,0.03044051081560655
felt_unhappy_cv,0.030309971376493553
felt_angry_cv,0.0294867658192345
past_week_cope_cv___2,-0.029093298967016876
fam_exp7_v2_cv,0.02861446525367408
avoid_talking_about_cv,-0.028373901796628152
social_media_platform_cv,-0.028182989520900596
child_phys_activity_min_cv,0.027959946493676925
avoid_discussing_cv,-0.027863133811806273
think_will_hospitalized_cv,0.027652634576050727
su_p_mj_vape_loc_cv___5,0.02668153548255404
p_cope_cv___5,0.026674435451419835
su_p_vape_loc_cv___4,0.026413547903995794
talk_wash_cv,-0.02637614619037268
social_media_cv,0.02613349842549827
fam_expose_cv,0.025981458324974865
parent_monitor_q3_y_cv,0.025899071174570795
child_social_media_min_cv,0.025518742528851154
routine_cv,-0.02533397156443561
felt_no_fun_cv,0.025177128088870068
child_frustrated_cv,0.025071238072206417
su_p_mj_vape_loc_cv___3,0.02506432340317957
p_cope_cv___7,0.024835300107030545
child_worried_about_cv,-0.02477655380058073
extra_material_cv,0.024628845201312602
child_worry_cv,0.024601107809003667
demo_affect_life_cv,0.02453693293249857
past_week_cope_cv___1,-0.02437560351311811
think_someone_close_get_cv,0.02398060557060607
prepared_child_cv,0.02371297885565421
fam_actions_cv___4,0.02343096595298561
school_reopen_date_dk_cv,-0.023420520653791924
child_video_chat_min_cv,0.023419864473559454
su_p_vape_loc_cv___5,0.023366679283931345
fam_member_relation_p_cv___2,-0.023257186611618495
su_medication_cv,0.023011568335791745
child_cosymptoms_cv___3,0.022435394983511516
felt_lonely_cv,0.021576932526426732
school_engage_cv___3,-0.021533348046931078
p_cope_cv___4,-0.021187495140984187
su_mj_use_past_month_cv,0.02027610851219524
child_news_source_cv,-0.020273334899065444
school_close_cv,-0.019621055044582145
child_news_time_cv,0.019473569804418757
child_symptoms_cv___4,-0.019267580978203958
su_p_vape_loc_cv___1,0.018856850594343166
fam_actions_cv___6,0.01880765466709213
fam_exp3_cv,0.018555522280743114
child_symptom_actions_cv___1,-0.01850841964147763
pet_identify_cv___1,0.018458209786386404
school_engage_cv___6,-0.018180712976832956
su_p_vape_loc_cv___2,0.018069443515532236
parent_monitor_q1_y_cv,-0.017735778245563064
child_care_impact_cv___4,0.017710447873466928
fam_member_relation_p_cv___5,-0.01727769681724206
su_p_cig_loc_cv___1,0.017115257114546218
talk_social_distance_cv,0.016541376989759004
talk_isolate_cv,-0.016534768518491023
school_engage_cv___5,0.01637198068943223
su_meth_cv,-0.016042439633071982
demo_wash_hands_cv,-0.01599044451502559
felt_sad_cv,0.015861903068283827
past_week_cope_cv___8,0.015832134329776457
child_cosymptoms_cv___9,-0.015462224784302139
felt_cv,0.015254495461572141
school_engage_cv___1,0.015178242991574163
child_avg_elec_min_cv,-0.014776323170688282
child_past_risk_cv___3,-0.014740379463574788
child_texting_min_cv,0.01410028428153469
fam_exp_racism_cv,-0.013943671099222978
child_symptom_actions_cv___3,0.013775794159894205
su_alcohol_cv,0.01348671481824462
su_p_mj_smoke_loc_cv___3,0.013301960865666018
felt_alone_cv,0.013193480325070424
talk_race_cv,0.013182656792728372
fam_actions_cv___13,0.013157927292559504
money_cv,0.012566469617341543
school_engage_cv___4,-0.012516244619700563
absent_reason_cv___4,0.012294867129289568
child_symptom_actions_cv___4,0.012235079528683664
parent_monitor_q4_y_cv,0.012108444650093362
p_cope_cv___1,-0.011612590198420644
demo_touching_things_cv,-0.011382068379606753
demo_mask_coverage_cv,0.010969743809997221
child_care_impact_cv___1,-0.010744137916898398
relationships_w_friends_cv,-0.010536196733199445
child_phys_activity_days_cv,0.01040244596533704
fam_actions_cv___15,0.010256988540315787
demo_avoid_news,0.010076800244901067
child_cosymptoms_cv___5,0.009589139045242051
material_access_cv,-0.009319979707394796
screentime_cv,0.008815020364743666
caregiver_help_cv,-0.008521879121619412
child_cosymptoms_cv___7,-0.008338836574208173
pstr_way_p_cv,-0.008304081238920806
absent_reason_cv___1,0.007879955137082124
child_gaming_min_cv,-0.007808246244834006
demo_schoolwork_on_comp_cv,-0.007576474467700301
p_cope_cv___2,-0.007319303089529458
child_covid_cv,-0.0072551341220550404
think_will_get_cv,-0.0067777672867308176
pet_identify_cv___5,0.006751167909902291
p_cope_cv___6,-0.0067362475686405555
demo_touching_people_cv,0.006573553438945014
su_p_mj_vape_loc_cv___1,0.006552254700678648
separate_people_cv___7,-0.00642888827202442
su_p_mj_smoke_loc_cv___1,0.006404306285240847
su_tobacco_cig_cv,0.006240731606421493
child_symptoms_cv___1,-0.005646178951773552
felt_always_sad,0.004662958596239625
demo_hand_sanitizer_cv,0.004651914023529317
graded_cv,-0.004573211900036966
demo_stayed_away_cv,0.004129475856006122
su_liquids_cv,-0.0037360083679830558
su_smoked_tob_cig_cv,-0.003623491607548491
felt_life_went_wrong_cv,0.0036229505156888863
su_tobacco_chew_cv,-0.003238418662071109
mctq_schedule_time_cv,0.003206946479475749
school_engage_cv___2,-0.003075864122770076
child_sched_cv,0.0030437029923057776
mental_health_cv,-0.0028918399140256583
absent_reason_cv___3,-0.0014142930796445117
pet_identify_cv___3,0.0013956703134364215
demo_stayed_indoors_cv,0.0011295799604625787
news_update_cv,0.0010711266857121502
fam_member_relation_p_cv___4,0.0
