,4
mctq_fd_btime_cv,-0.24235032947121193
screentime_12_wknd_hr_cv,-0.23342680075538416
mctq_fd_time_asleep_cv,-0.2310743998919816
mctq_fd_wake_up_time_cv,-0.20997346396344066
screentime_10_wknd_hr_cv,0.20065259482255035
child_social_media_time_cv,-0.18904942178398293
iep_cv,0.18307967301608497
screentime_9_wknd_hr_cv,0.1674357606415198
social_media_platform_cv,0.16415951213555174
parent_monitor_q4_y_cv,-0.15315727363402226
child_texting_time_cv,-0.1492003391927165
child_video_chat_time_cv,-0.1446890010027408
questionnaire_privacy_cv,0.13856027649005612
cv_p_select_language___1,0.12969230166029264
screentime_11_wknd_hr_cv,-0.1269074741674873
fam_actions_cv___5,0.12337522762856429
prim_cv,0.11358576225117338
child_care_impact_cv___3,0.11245979962031248
fam_actions_cv___4,0.1113104283348916
witness_rac_disc_cv,-0.10950303083689701
fam_actions_cv___3,0.10870806686493721
parent_monitor_q3_y_cv,-0.10366656795670126
fam_actions_cv___6,0.10161926373677961
worry_about_cv,-0.1002298803113772
school_prep_cv,-0.0994323503643658
screentime_music_cv,-0.09625678343982266
child_care_impact_cv___5,-0.09440501444437825
mctq_fd_min_to_get_up_cv,-0.09377844215641
fam_actions_cv___8,0.09041719406014732
su_p_cig_loc_cv___4,-0.08684306970875735
mctq_schedule_time_cv,-0.08666051652615461
p_worry_cv,0.0858956840737338
child_care_impact_cv___2,0.0856931325364709
parent_monitor_q1_y_cv,-0.08453766619795439
increased_conflict_cv,0.08367973175901246
screentime_14_wknd_hr_cv,-0.08253330258756651
extra_material_cv,0.07941388492975433
child_enjoy_cv,0.07859314806639474
assure_child_cv,-0.07845634146950498
social_media_cv,-0.07795572501327595
fam_actions_cv___9,0.07641978149856711
fam_actions_cv___1,0.07408990866957063
fam_size_cv,-0.0726944783369584
child_fear_cv,0.0719231485173813
think_someone_close_get_cv,0.07073177178723285
physical_activities_hr_cv,0.07056306018163402
fam_exp_racism_cv,0.06967252615859541
screentime_cv,-0.069157314601581
fam_actions_cv___7,0.0690467139853961
fam_actions_cv___11,0.06881768873212094
p_life_changed_cv,0.06869698469959411
encouraged_cv,-0.06824719324137754
exp_rac_disc_cv,-0.06733172028460326
bedtime_routine_cv,0.0670770103845072
fam_act_cv,-0.06441269257917642
homework_help_time_cv,0.06416963459409676
child_gaming_time_cv,0.06340197255015148
past_week_cope_cv___3,-0.06314381590398015
su_p_cig_loc_cv___5,-0.06313486006610462
past_week_cope_cv___2,-0.061394017718465074
past_week_cope_cv___8,-0.06136673090595896
routine_cv,0.06079983182893544
p_cope_cv___1,0.06067117530042174
child_worry_cv,0.059579389567063976
child_news_time_cv,0.058956736576152705
su_p_cig_loc_cv___1,-0.05857972322035329
past_week_cope_cv___5,-0.05693659283144324
su_p_cig_loc_cv___3,-0.05670532777703039
su_p_cig_loc_cv___2,-0.056623482109185476
su_p_cig_loc_cv___888,0.05559324285034598
past_week_cope_cv___1,-0.05515553993439325
household_ability_cv,0.05400176914234947
child_avg_elec_time_cv,-0.05359756654246272
child_fall_asleep_time_cv,-0.05328882086408551
p_cope_cv___8,0.05314987486582771
child_news_source_cv,0.0517989328371543
child_social_media_min_cv,-0.051605085539104346
fam_exp6_cv,-0.05142770251657603
school_difficulty,0.05014991966990335
think_will_hospitalized_cv,0.04976504566184763
percent_live_cv,-0.049594637788762684
fam_exp3_cv,-0.048652038552540015
walk_10_min_per_day_cv,0.048434756851361165
screentime_wknd_hr_cv,-0.048144811173227095
past_week_cope_cv___9,0.04788471218549636
fam_expose_cv,-0.04768044038072601
child_worried_about_cv,0.046940536218718326
p_enjoy_cv,-0.04680915921546151
fam_exp5_cv,-0.04670579176367551
fam_actions_cv___13,0.046346057433101114
child_gaming_min_cv,0.046135864959609516
fam_member_relation_p_cv___2,-0.045374060829522375
pet_identify_cv___1,-0.04534631376838987
fam_actions_cv___15,0.04466337066566841
demo_wipes_cv,-0.04454749412795453
child_sleep_amount_cv,-0.04408216172468905
demo_exercise_cv,-0.04347569416420261
outdoor_act_cv,-0.04299490052567453
fam_actions_cv___10,0.04286215205260894
talk_symptoms_cv,-0.04228823048471163
fam_actions_cv___12,0.04209282955438148
child_care_impact_cv___1,0.0417620277628982
work_ability_cv,0.0415094577645462
think_will_get_cv,0.04062126610176123
school_engage_cv___3,0.040308609051000005
fam_actions_cv___2,0.03978333004297041
su_vape_nic_cv,-0.03880053786582194
su_alcohol_cv,-0.038706426318545845
coverage_cv,-0.03731062233071247
demo_mask_coverage_cv,-0.03724445330130266
p_cope_cv___2,-0.037237573501715124
child_past_risk_cv___4,0.03679988892734107
separate_people_cv___8,0.036753335609067385
child_phys_activity_days_cv,0.036113748121802354
separate_people_cv___1,0.036013969210505606
avoid_discussing_cv,-0.035866984333693314
pstr_confidence_p_cv,-0.035782065555003725
school_nutrition_cv,0.035303595956880235
pet_identify_cv___5,-0.03489459664134931
p_safety_cv,0.03487197261534522
ple_close_fam_cv,-0.034829363985633556
p_cope_cv___4,0.03439302083206122
child_symptoms_cv___2,0.03260353997668755
felt_lonely_cv,-0.0319019385519054
absent_reason_cv___2,0.030839834306502664
su_p_mj_vape_loc_cv___5,-0.030459658914275642
p_cope_cv___9,-0.0302155577151771
felt_alone_cv,-0.030097036572812756
child_symptom_actions_cv___5,0.0299341834450372
child_serious_cv,0.029857968692993446
child_tested_cv,0.02984477822134464
fam_member_relation_p_cv___5,0.029710017633382917
p_feeling_cv,-0.029604273178425726
past_week_cope_cv___6,-0.02942765544923789
past_week_cope_cv___7,-0.02899167571046079
fam_member_relation_p_cv___3,0.028972219982629235
child_avg_elec_min_cv,-0.028218701604307207
pstr_way_p_cv,-0.028200516475670106
su_p_vape_loc_cv___888,0.02800359944091473
child_cosymptoms_cv___4,0.02783844535853154
su_mj_use_past_month_cv,-0.026984532572337943
felt_sad_cv,-0.02696167833434639
school_engage_cv___4,0.026910847291673916
pet_identify_cv___4,-0.026577315343735364
su_p_mj_smoke_loc_cv___2,0.02655983022245511
talk_cancel_cv,-0.026249076912423345
screentime_7_wknd_hr_cv,-0.026082334478503715
mental_health_cv,0.026061379971389256
p_cope_cv___6,0.02605355971812277
pstr_overcome_p_cv,-0.026050981841209714
su_p_mj_smoke_loc_cv___1,0.025785754566834417
news_update_cv,0.02572065575251339
pets_cv,-0.025500962810034732
su_p_mj_smoke_loc_cv___5,-0.025500126758103352
separate_people_cv___2,0.025196588867326595
child_symptoms_cv___1,0.024640222612617394
internet_access_cv,0.024545334013606007
demo_stayed_away_cv,0.024367935609672046
past_week_cope_cv___4,-0.024343528316238122
su_p_mj_smoke_loc_cv___3,0.0240940238874062
fam_member_relation_p_cv___6,-0.02337943994858119
absent_reason_cv___4,0.02298680180966734
talk_conserve_cv,0.02268151603597551
demo_touching_things_cv,-0.02249258027778808
screentime_wknd_typical_hr_cv,-0.022427210070764477
talk_vuln_cv,-0.022223861132212162
child_phys_activity_min_cv,-0.021977197634552477
fam_wage_loss_cv,0.021594989867508324
prepared_child_cv,0.021593664230445935
custody_cv,0.021522287042024434
child_cosymptoms_cv___6,0.02100342525876804
pstr_unable_control_cv,-0.020952623999884897
avoid_talking_about_cv,-0.0205500681861476
child_phys_activity_time_cv,0.020518625001612025
child_cosymptoms_cv___1,0.020278503917789497
felt_angry_cv,0.020002532124964237
p_cope_cv___3,0.019940114573954056
school_engage_cv___2,0.019675760080965925
child_cosymptoms_cv___2,0.01942003595137463
su_p_mj_vape_loc_cv___3,-0.019251927036555587
child_diag_asthma_cv,-0.01917423199065107
caregiver_help_cv,0.01832612653607955
screentime_15_wknd_hr_cv,-0.0179079173673768
separate_people_cv___6,0.01785358993802845
child_cosymptoms_cv___8,0.01759393288875889
child_sched_cv,0.017238848749654156
felt_always_sad,-0.01660793333648954
su_p_vape_loc_cv___3,-0.016603876809667864
separate_people_cv___4,0.015485821740881029
tool_access_cv,0.015333682686911704
parent_monitor_q5_y_cv,-0.015309335439833196
su_p_mj_smoke_loc_cv___4,0.015209698307692471
fam_actions_cv___14,-0.015204201910864803
su_p_mj_vape_loc_cv___4,-0.0150269317940706
demo_schoolwork_on_comp_cv,0.014733450665912336
child_symptom_actions_cv___2,0.014458598348645785
su_tobacco_cig_cv,0.014449207070462504
p_cope_cv___5,-0.01433522389206094
child_cosymptoms_cv___5,0.014222940653821516
child_cosymptoms_cv___3,0.01413886991826583
fam_exp4_cv,-0.013862358675754591
relationships_w_family_cv,0.013753328954939472
mctq_fd_num_wake_up_cv,0.013613419432650428
absent_reason_cv___1,-0.013474603451887838
child_symptoms_cv___4,0.01339202763393169
demo_hand_sanitizer_cv,-0.013080703842975421
school_close_cv,0.012916731551549546
pet_identify_cv___2,0.012216870901224985
fam_exp7_v2_cv,-0.012018139868167079
get_coronavirus_cv,0.011892580215041365
demo_avoid_news,-0.01161485880134007
child_texting_min_cv,-0.011552504122270156
reg_meals_cv,-0.011442097773078717
homework_time_cv,0.011266521944356662
worry_y_cv,-0.011200376732674013
demo_touching_people_cv,-0.011060033441969241
sitting_weekday_hour_cv,0.010451038711441358
su_p_mj_vape_loc_cv___888,0.010425916604067904
su_p_mj_smoke_loc_cv___888,0.010425916604067904
fam_exp1_cv,0.010363769095994199
demo_wash_hands_cv,-0.010348448056069425
child_past_risk_cv___1,0.010339012020794566
felt_no_fun_cv,0.01003995175695562
talk_race_cv,-0.009855072509865543
su_p_vape_loc_cv___5,-0.009763954314772597
child_cosymptoms_cv___9,0.009715770525040787
demo_affect_life_cv,0.009638267046827407
su_p_vape_loc_cv___1,-0.009548374014576552
child_symptom_actions_cv___3,0.00946414880759044
su_p_mj_vape_loc_cv___2,-0.009359824235615799
money_cv,0.009309242966384166
mctq_fd_min_to_sleep_cv,-0.008998050148768779
p_cope_cv___7,-0.008389386370343184
demo_stayed_indoors_cv,0.008118245779116124
su_p_vape_loc_cv___4,-0.007868134252284477
child_symptoms_cv___3,-0.007804856694598138
felt_life_went_wrong_cv,-0.007555336167687438
absent_reason_cv___3,-0.007497870003403609
felt_cv,0.007414788064740794
su_p_vape_loc_cv___2,0.007323665079669293
child_care_impact_cv___4,-0.007266092136039472
talk_isolate_cv,0.006833775284227547
child_symptom_actions_cv___4,0.0067850617193475436
caregiver_cv,-0.006730585458634372
child_breaking_rules_cv,-0.006706642797674168
pet_identify_cv___6,-0.0066807777120022355
su_tobacco_chew_cv,0.006278066838691439
child_past_risk_cv___2,-0.006216184956011889
su_meth_cv,0.006146968272830614
talk_social_distance_cv,0.006017776543188544
separate_people_cv___3,0.00587749120733542
school_engage_cv___6,0.005656330633359642
pet_identify_cv___3,0.00560809831880001
relationships_w_friends_cv,-0.005078810336379944
separate_people_cv___7,-0.005038389824172629
child_symptom_actions_cv___1,-0.004984795532691751
talk_wash_cv,-0.004819411642401232
school_reopen_date_dk_cv,-0.00473071890131055
child_past_risk_cv___3,-0.004566511177850517
school_cv,-0.004555868788985244
demo_afraid_cv,0.004464369663132913
fam_exp2_cv,-0.004211797564214958
others_worry_y_cv,-0.004175709701742553
child_care_cv,-0.004152171992462838
child_cosymptoms_cv___7,0.0041482237714920624
child_covid_cv,-0.004031689212911426
su_smoked_tob_cig_cv,0.00392287026753287
fam_member_relation_p_cv___1,0.0038315569600351263
material_access_cv,-0.003819160658708882
school_engage_cv___1,0.0035143400862060943
graded_cv,0.003166336155415984
felt_unhappy_cv,-0.002630758444388557
separate_people_cv___5,0.001954243130196614
su_medication_cv,-0.0017902439140004423
child_frustrated_cv,-0.0016219771984482623
school_engage_cv___5,0.0012548294091594312
child_separate_cv,-0.0010437828370858501
su_p_mj_vape_loc_cv___1,-0.0008175972071731508
child_video_chat_min_cv,-0.0007432409436571789
su_liquids_cv,-0.0006678631973791896
fam_member_relation_p_cv___4,0.0
